date,CO,NO2,SO2
2025-08-31,0.0236685592681169,1.07161586129223e-05,0.0003855111717712
2025-09-01,0.0236685592681169,1.084069754142547e-05,0.0001140041495091
2025-09-02,0.0250209085643291,1.096523646992864e-05,-0.00034163708915
2025-09-03,0.0279517564922571,1.901012910821009e-05,-4.736876871902496e-05
2025-09-04,0.0254017319530248,1.2233079360157715e-05,5.869897722728752e-05
2025-09-05,0.0258165361980596,2.085741652990692e-05,0.0001647667231736
2025-09-06,0.0262313404430945,2.505601878510788e-05,0.0001432807039236
2025-09-07,0.0266461446881294,1.903587508422788e-05,0.0001217946846736
2025-09-08,0.0224204184487461,5.498573500517523e-06,0.0001003086654236
2025-09-09,0.0216007824055849,4.690060086431913e-05,-9.821479034144431e-05
2025-09-10,0.0224841914605348,2.880675083360984e-05,-0.0005306550956447
2025-09-11,0.0233676005154847,1.0712900802900547e-05,-0.0002376190350332
2025-09-12,0.0259540546685456,2.7622956622508354e-05,5.541702557820827e-05
2025-09-13,0.0285405088216066,2.577111627033446e-05,0.0004502946103457
2025-09-14,0.0249005760997533,2.3919275918160565e-05,0.0002820000299834
2025-09-15,0.0245401803404092,1.3206247786001768e-05,0.0001137054496211
2025-09-16,0.0254464116878806,1.1595747082537857e-05,0.0001344099728157
2025-09-17,0.0263526430353521,9.985246379073942e-06,0.0001360567160493
2025-09-18,0.0272588743828236,8.374745675610029e-06,0.0001377034592829
2025-09-19,0.0281651057302951,6.764244972146116e-06,0.0001393502025166
2025-09-20,0.0285441000014543,9.050595963344676e-06,0.0002148124112863
2025-09-21,0.0305113671347498,1.1336946954543237e-05,0.0002902746200561
2025-09-22,0.0324786342680454,1.459141458326485e-05,-0.0002740641357377
2025-09-23,0.034097434952855,2.443253606543294e-06,5.774221790488809e-05
2025-09-24,0.0328161669895052,3.6946414184058085e-05,0.0002715793089009
2025-09-25,0.0315348990261554,1.5712306776549667e-05,-0.0002599145227577
2025-09-26,0.0306708173205454,3.820568599621765e-05,-0.0001254888898074
2025-09-27,0.0298067356149355,2.844905611709692e-05,8.936743142839987e-06
2025-09-28,0.0289426539093256,-1.0519759143789995e-06,0.0002170928928535
2025-09-29,0.0288344682194292,2.8018218358738523e-06,7.548592839155002e-05
2025-09-30,0.0287262825295328,6.655619586126704e-06,-6.612103607039996e-05
2025-10-01,0.0286180968396365,1.0509417336379556e-05,-0.0002077280005323
2025-10-02,0.0296265908982603,1.4363215086632408e-05,-0.0003493349649943
2025-10-03,0.0306350849568843,2.273887912451756e-05,0.0003325613506603
2025-10-04,0.0328339338302612,2.2468093447969305e-05,-0.0001774519769242
2025-10-05,0.0264736413955688,2.219730777142104e-05,-9.0250039647799e-05
2025-10-06,0.034731101244688,2.002454220928485e-05,0.0002478498208802
2025-10-07,0.0342317608495553,1.7851776647148654e-05,-0.0001962440874194
2025-10-08,0.0337324204544225,3.0388751838472672e-05,0.0002433923364151
2025-10-09,0.0332330800592899,2.9775083021377213e-05,0.0002632613177411
2025-10-10,0.032609149813652,3.598904731916264e-05,-0.0001780008169589
2025-10-11,0.0312862284481525,2.3859178327256814e-05,6.845770258223638e-06
2025-10-12,0.0302021363750099,1.6293011147657428e-05,-0.0002704277576413
2025-10-13,0.0291180443018674,8.726843968058043e-06,-0.0001402645807502
2025-10-14,0.0291988290846347,1.1606767884586588e-06,-1.0101403859152924e-05
2025-10-15,0.0340388529002666,9.893183232634328e-07,-0.0001325483463006
2025-10-16,0.0244880355894565,2.336018042115029e-05,0.000203092378797
2025-10-17,0.0306622926145792,1.3732112165598664e-05,-0.0002727256214711
2025-10-18,0.0308445300906896,1.787200699254754e-05,-9.794556535776352e-05
2025-10-19,0.0310267675668001,2.2011901819496416e-05,2.1681011680182413e-06
2025-10-20,0.0309893182037692,2.165942583410975e-05,0.0001022817676938
2025-10-21,0.0309518688407383,2.130694984872308e-05,0.0001277290446321
2025-10-22,0.0309144194777074,2.095447386333641e-05,0.0001531763215704
2025-10-23,0.0308769701146765,2.0601997877949747e-05,0.0001786235985087
2025-10-24,0.0308395207516456,2.024952189256308e-05,0.000204070875447
2025-10-25,0.0308020713886147,1.989704590717641e-05,0.0002295181523853
2025-10-26,0.0307646220255838,1.9544569921789745e-05,0.0002549654293236
2025-10-27,0.0307271726625529,1.9192093936403075e-05,0.0002804127062619
2025-10-28,0.030689723299522,1.8839617951016407e-05,0.0003058599832002
2025-10-29,0.0306522739364912,1.848714196562974e-05,0.0002707482131622
2025-10-30,0.0306148245734603,1.813466598024308e-05,0.0002356364431242
2025-10-31,0.0305773752104294,1.7782189994856406e-05,0.0002005246730862
2025-11-01,0.0305399258473985,1.742971400946974e-05,0.0001654129030482
2025-11-02,0.0305024764843676,1.7077238024083068e-05,0.0001303011330102
2025-11-03,0.0304650271213367,1.67247620386964e-05,9.518936297224196e-05
2025-11-04,0.0304275777583058,1.6372286053309734e-05,6.007759293424897e-05
2025-11-05,0.0303901283952749,1.6019810067923067e-05,-0.0001696671624813
2025-11-06,0.030352679032244,1.56673340825364e-05,-0.00027021104385
2025-11-07,0.0303152296692132,1.6014990144279128e-05,-0.0003707549252187
2025-11-08,0.0302549576153977,1.6362646206021856e-05,-0.0003420979325406
2025-11-09,0.0301946855615823,1.6710302267764584e-05,-0.0003134409398625
2025-11-10,0.0301344135077669,1.7057958329507313e-05,-0.0002847839471844
2025-11-11,0.0300741414539515,1.7405614391250044e-05,-0.0002561269545063
2025-11-12,0.0300138694001361,1.7753270452992772e-05,-0.0002274699618282
2025-11-13,0.0299535973463206,1.81009265147355e-05,-0.0001988129691501
2025-11-14,0.0298933252925052,1.844858257647823e-05,-0.000170155976472
2025-11-15,0.0298330532386898,1.879623863822096e-05,-0.0001414989837939
2025-11-16,0.0297727811848744,1.914389469996369e-05,-0.0001128419911158
2025-11-17,0.029712509131059,1.9491550761706417e-05,-8.418499843779761e-05
2025-11-18,0.0296522370772435,1.9839206823449146e-05,-5.552800575969741e-05
2025-11-19,0.0295919650234281,2.018686288519188e-05,-7.945148664635639e-05
2025-11-20,0.0295316929696127,2.05345189469346e-05,-0.000103374967533
2025-11-21,0.0294714209157973,2.088217500867733e-05,-0.0001272984484196
2025-11-22,0.0294111488619819,2.122983107042006e-05,-0.0001512219293063
2025-11-23,0.0293508768081665,2.1577487132162787e-05,-0.0001751454101929
2025-11-24,0.0287887044250964,2.6658174647309355e-05,-0.0001990688910796
2025-11-25,0.0282265320420265,3.173886216245592e-05,-0.0002229923719663
2025-11-26,0.0284001814822355,4.010629193847612e-05,-0.0002469158528529
2025-11-27,0.0285738309224445,4.847372171449631e-05,-0.0002708393337396
2025-11-28,0.0287474803626536,5.6841151490516495e-05,-0.0002947628146262
2025-11-29,0.0289211298028627,6.520858126653668e-05,-0.0003186862955129
2025-11-30,0.0290947792430718,5.961762185001539e-05,-0.0003426097763996
2025-12-01,0.0292684286832809,5.4026662433494086e-05,-0.0003665332572862
2025-12-02,0.0294420781234899,4.843570301697279e-05,-0.0003904567381729
2025-12-03,0.029615727563699,4.284474360045149e-05,-0.0004143802190595
2025-12-04,0.0297893770039081,3.725378418393019e-05,-0.0004383036999462
2025-12-05,0.0299630264441171,3.166282476740889e-05,-0.0004622271808329
2025-12-06,0.0301366758843262,3.3459380834496445e-05,-0.0003245536470785
2025-12-07,0.0303103253245353,3.5255936901584004e-05,-0.0001868801133241
2025-12-08,0.0304839747647443,3.705249296867156e-05,-4.92065795697e-05
2025-12-09,0.0306576242049534,3.884904903575911e-05,8.846695418469999e-05
2025-12-10,0.0308312736451625,4.064560510284667e-05,0.0002261404879391
2025-12-11,0.0294896233826875,4.244216116993422e-05,0.0001846227314672
2025-12-12,0.0265501048415899,4.4238717237021774e-05,0.0001431049749953
2025-12-13,0.0267258957028388,3.491126699373126e-05,0.0001743270404404
2025-12-14,0.0269016865640878,4.5103008233127184e-05,2.975711686303839e-05
2025-12-15,0.0270774774253367,5.529474947252311e-05,-2.862899782485329e-05
2025-12-16,0.0272532682865857,5.8080127928406e-05,5.756978680437335e-05
2025-12-17,0.0274290591478347,6.086550638428889e-05,0.0001437685714336
2025-12-18,0.026382092386484,5.843342514708638e-05,0.0001485129068896
2025-12-19,0.0253351256251334,5.600134390988387e-05,0.0001532572423457
2025-12-20,0.0242881588637828,5.356926267268136e-05,0.0001580015778017
2025-12-21,0.0232411921024322,5.113718143547885e-05,0.0001627459132578
2025-12-22,0.0243652909994125,4.870510019827634e-05,3.307381484773941e-05
2025-12-23,0.0305114015936851,4.704528206881757e-05,0.0001077101581661
2025-12-24,0.0297182267531752,4.538546393935879e-05,0.0001823465014846
2025-12-25,0.029171926435083,4.3725645809900016e-05,0.000256982844803
2025-12-26,0.0286256261169909,4.206582768044124e-05,0.0003316191881215
2025-12-27,0.0283262003213166,4.040600955098247e-05,0.00040625553144
2025-12-28,0.0280267745256423,3.874619142152369e-05,0.0004808918747585
2025-12-29,0.0277273487299679,3.8290066085109066e-05,0.0004203542484901
2025-12-30,0.0274279229342936,3.7833940748694455e-05,0.0002610641616531
2025-12-31,0.0271284971386193,3.737781541227984e-05,0.0001017740748162
2026-01-01,0.026829071342945,3.600536001613364e-05,-5.751601202064194e-05
2026-01-02,0.0265296455472707,3.699614717334044e-05,-1.2359349057078362e-05
2026-01-03,0.0262302197515964,3.798693433054724e-05,3.2797313906485215e-05
2026-01-04,0.0264763302085073,3.897772148775403e-05,9.473953347572348e-05
2026-01-05,0.0267224406654183,3.996850864496083e-05,0.0001566817530449
2026-01-06,0.0269685511223294,4.095929580216762e-05,0.0002186239726142
2026-01-07,0.0272146615792404,4.195008295937442e-05,0.0002853420955943
2026-01-08,0.0274607720361514,4.294087011658121e-05,0.0003520602185744
2026-01-09,0.0277068824930624,4.3931657273788005e-05,0.0003158143934507
2026-01-10,0.0279529929499733,4.49224444309948e-05,0.000279568568327
2026-01-11,0.0281991034068843,4.59132315882016e-05,0.0002433227432033
2026-01-12,0.0284452138637953,4.6904018745408393e-05,0.0002070769180797
2026-01-13,0.0286913243207064,4.789480590261519e-05,0.000170831092956
2026-01-14,0.0286674809218807,4.888559305982199e-05,0.0001345852678323
2026-01-15,0.028643637523055,4.987638021702878e-05,9.833944270871238e-05
2026-01-16,0.0283498402684926,5.086716737423558e-05,6.209361758504272e-05
2026-01-17,0.0280560430139302,5.185795453144237e-05,2.5847792461373064e-05
2026-01-18,0.0277622457593678,5.284874168864917e-05,-1.0398032662296591e-05
2026-01-19,0.0274684485048055,5.3839528845855966e-05,-4.664385778596625e-05
2026-01-20,0.0251382794231176,4.8584620890324005e-05,1.1008469300577417e-06
2026-01-21,0.0228081103414297,4.332971293479205e-05,4.884555164608173e-05
2026-01-22,0.0250231319417556,3.807480497926008e-05,1.3309358716166266e-05
2026-01-23,0.0272381535420815,3.281989702372812e-05,-2.22268342137492e-05
2026-01-24,0.0294531751424074,2.7564989068196155e-05,-5.776302714366466e-05
2026-01-25,0.0347449481487274,2.741072542751984e-05,5.351462459657341e-05
2026-01-26,0.0348736830055713,2.7256461786843524e-05,7.91852071415633e-05
2026-01-27,0.0350024178624152,2.710219814616721e-05,-1.8858894084577984e-06
2026-01-28,0.0351311527192592,2.694793450549089e-05,-8.295698595847889e-05
2026-01-29,0.0352598875761031,2.6793670864814583e-05,-0.0001640280825085
2026-01-30,0.0353886224329471,2.6639407224138267e-05,3.457321508903988e-05
2026-01-31,0.0342790149152278,2.7115911507280543e-05,8.734754374017939e-05
2026-02-01,0.0325750795503456,2.759241579042282e-05,1.9887142116203904e-05
2026-02-02,0.0308711441854635,1.3865868822904304e-05,-4.757325950777158e-05
2026-02-03,0.0291672088205814,5.840079393237829e-05,0.0002118551929015
2026-02-04,0.0270182229578495,4.856740633840673e-05,6.720537930959836e-05
2026-02-05,0.0292202606797217,3.867187842843123e-05,7.587126310681924e-05
2026-02-06,0.0297254994511603,2.877635051845573e-05,8.453714690404013e-05
2026-02-07,0.0302307382225989,3.0944035188440466e-05,0.000103225096609
2026-02-08,0.0290391780436038,3.3111719858425204e-05,0.0001219130463141
2026-02-09,0.0278476178646087,3.527940452840994e-05,0.0001406009960191
2026-02-10,0.0266560576856136,3.744708919839468e-05,0.0001592889457242
2026-02-11,0.0269368747249245,3.9614773868379416e-05,0.0001758614926074
2026-02-12,0.0272176917642354,4.178245853836415e-05,0.0001924340394907
2026-02-13,0.0274985088035463,4.395014320834889e-05,0.0002090065863739
2026-02-14,0.0277793258428573,4.611782787833363e-05,0.0002255791332572
2026-02-15,0.0280601428821682,3.601187563617714e-05,0.0001429780531907
2026-02-16,0.0283409599214791,3.5125929419640066e-05,0.0001058929992722
2026-02-17,0.02862177696079,3.423998320310299e-05,6.880794535388001e-05
2026-02-18,0.028902594000101,3.335403698656592e-05,3.1722891435470016e-05
2026-02-19,0.0291834110394119,3.2468090770028844e-05,-5.362162482939992e-06
2026-02-20,0.0294642280787229,3.1582144553491766e-05,-4.244721640135e-05
2026-02-21,0.0292212651111185,3.0696198336954694e-05,-7.953227031975998e-05
2026-02-22,0.0289783021435141,2.9810252120417623e-05,-0.0001166173242381
2026-02-23,0.0287353391759097,2.892430590388055e-05,-0.0001537023781565
2026-02-24,0.0284923762083053,2.803835968734348e-05,-0.0001907874320749
2026-02-25,0.0282494132407009,2.71524134708064e-05,-0.0002278724859934
2026-02-26,0.0280064502730965,2.626646725426933e-05,-0.0002533077204134
2026-02-27,0.0277634873054921,2.538052103773225e-05,-0.0002787429548334
2026-02-28,0.0275205243378877,3.452314422247582e-05,-8.941147098084912e-05
2026-03-01,0.0279011647216975,4.36657674072194e-05,-6.936845238686838e-06
2026-03-02,0.0282818051055073,4.738439565699082e-05,7.553778050347544e-05
2026-03-03,0.0286624454893171,5.1103023906762246e-05,0.0001580124062456
2026-03-04,0.0290430858731269,5.4821652156533673e-05,0.0002404870319878
2026-03-05,0.0285386741161346,5.447660169011215e-05,0.0001194853830384
2026-03-06,0.0285908530155817,5.413155122369062e-05,7.66915779119336e-05
2026-03-07,0.0290335896424948,5.3786500757269096e-05,3.389777278546719e-05
2026-03-08,0.029476326269408,5.344145029084757e-05,-8.896032340999227e-06
2026-03-09,0.0299190628963211,5.342382155504311e-05,0.0002103893348248
2026-03-10,0.0303617995232343,5.340619281923864e-05,8.18094461768e-05
2026-03-11,0.0270429048687219,5.3388564083434176e-05,-4.67704424712e-05
2026-03-12,0.0237240102142095,5.337093534762971e-05,-0.0001753503311192
2026-03-13,0.0262739633520443,5.150058859726414e-05,-0.0002013175544561
2026-03-14,0.0288239164898792,4.963024184689857e-05,-0.0002272847777931
2026-03-15,0.0313738696277141,3.215220931451768e-05,-0.0001411020293744
2026-03-16,0.0302474219352006,3.190374991390854e-05,-5.491928095580079e-05
2026-03-17,0.0285542141646146,3.1655290513299406e-05,0.0001764615444699
2026-03-18,0.0268610063940286,3.140683111269027e-05,-0.0001966666459338
2026-03-19,0.0269146026112138,3.758239035960287e-05,-7.99626752268e-05
2026-03-20,0.0269681988283991,4.3757949606515466e-05,3.6741295480200006e-05
2026-03-21,0.0270217950455843,4.993350885342807e-05,0.0001534452661872
2026-03-22,0.0270753912627696,5.610906810034066e-05,0.0002701492368942
2026-03-23,0.0271289874799549,6.228462734725326e-05,0.0003868532076012
2026-03-24,0.0271825836971401,5.296890276440536e-05,0.0002587775961728
2026-03-25,0.0272361799143254,4.365317818155745e-05,0.0001307019847445
2026-03-26,0.0272897761315107,3.4337453598709544e-05,2.6263733162250314e-06
2026-03-27,0.0273147486150264,2.502172901586164e-05,-0.0001254492381121
2026-03-28,0.0279334103688597,2.0884829154965704e-05,-0.0001134114805608
2026-03-29,0.028552072122693,1.6747929294069763e-05,-0.0001013737230095
2026-03-30,0.0274819754995404,1.2611029433173826e-05,-8.933596545826516e-05
2026-03-31,0.026411878876388,8.474129572277889e-06,-7.729820790698688e-05
2026-04-01,0.0253417822532355,4.337229711381951e-06,-6.52604503557086e-05
2026-04-02,0.024271685630083,5.3468379519472364e-06,6.152128480607644e-05
2026-04-03,0.024529100768268,6.3564461925125215e-06,7.747790732537396e-06
2026-04-04,0.024786515906453,1.1683992283906264e-05,0.0002061739082819
2026-04-05,0.0245312858372925,1.7011538375300006e-05,0.0004046000258312
2026-04-06,0.0242760557681321,2.2339084466693748e-05,0.0006030261433806
2026-04-07,0.0240208256989716,2.766663055808749e-05,0.0003762560374979
2026-04-08,0.0237655956298112,2.167266393371392e-05,0.0001494859316153
2026-04-09,0.0248146397061645,2.124501152138692e-05,0.0002119234122801
2026-04-10,0.0258636837825178,2.0817359109059903e-05,0.0002743608929449
2026-04-11,0.0269127278588711,2.0389706696732902e-05,0.0003367983736097
2026-04-12,0.0279617719352245,1.996205428440589e-05,-2.658076994066505e-07
2026-04-13,0.0248063560575246,1.9534401872078888e-05,0.0001696642138995
2026-04-14,0.0240453593432903,2.3341605810855984e-05,-3.133336576865986e-05
2026-04-15,0.0264983857050537,2.4078467959043337e-05,0.0003640376962721
2026-04-16,0.0289514120668172,2.4815330107230693e-05,0.0002295819576829
2026-04-17,0.0283930711448192,9.340070391772317e-06,0.0004135289636905
2026-04-18,0.0278347302228212,2.847196810762398e-05,0.0005974759696982
2026-04-19,0.030224660411477,2.3783548385836184e-05,7.258362165885046e-05
2026-04-20,0.0270560804754494,1.153553239419125e-05,-7.970008300617337e-05
2026-04-21,0.0238875005394219,1.3135443805367683e-05,-0.000104451063089
2026-04-22,0.0242804426699876,1.4735355216544122e-05,-0.0001292020431719
2026-04-23,0.0246733848005532,1.633526662772056e-05,-0.0001539530232548
2026-04-24,0.0250663269311189,1.7935178038896993e-05,-0.0001787040033377
2026-04-25,0.0254366153851151,1.953508945007343e-05,-0.0002034549834206
2026-04-26,0.0258069038391113,4.730387445306405e-06,-0.0001586638391017
2026-04-27,0.0262530952692031,8.397487818001537e-06,-7.769994554104e-05
2026-04-28,0.026699286699295,1.2064588190696668e-05,3.263948019620013e-06
2026-04-29,0.0271454781293868,1.57316885633918e-05,8.422784158028002e-05
2026-04-30,0.0275916695594787,1.939878893608693e-05,0.0001651917351409
2026-05-01,0.0280378609895706,2.306588930878206e-05,0.0002461556287016
2026-05-02,0.0276837144047021,2.67329896814772e-05,0.0001990060118259
2026-05-03,0.0273295678198337,3.0400090054172324e-05,-1.0373405530149978e-05
2026-05-04,0.0261341072618961,3.4067190426867455e-05,-0.0002197528228862
2026-05-05,0.0249386467039585,1.493469153501792e-05,-2.060810948025001e-05
2026-05-06,0.0245303288102149,1.657128495935467e-05,0.0001785366039257
2026-05-07,0.0271490402519702,1.8207878383691423e-05,0.0001365150965284
2026-05-08,0.0269190687686204,2.7909058189834468e-05,-1.313009033765411e-05
2026-05-09,0.0266890972852706,2.8433650186343584e-05,2.282040259160567e-05
2026-05-10,0.0264591258019208,2.89582421828527e-05,4.061557410750538e-05
2026-05-11,0.0279928501695394,2.093634793709498e-05,-0.0004528930294327
2026-05-12,0.0221508890390396,1.6919069821597077e-05,0.000179289112566
2026-05-13,0.0253331996500492,2.820421650540084e-05,0.0003547364322002
2026-05-14,0.0261827055364847,2.2255599105847068e-05,0.0005809760186821
2026-05-15,0.0272707261145114,1.5146812074817715e-05,9.674579632701352e-05
2026-05-16,0.0283587466925382,4.899775012745522e-05,-8.753301517572254e-05
2026-05-17,0.0294467672705649,4.777012024230013e-05,0.0002088650944642
2026-05-18,0.0305347878485917,4.654249035714505e-05,0.000347905937815
2026-05-19,0.0316228084266185,4.531486047198996e-05,0.0002823764461936
2026-05-20,0.029455468058586,4.408723058683487e-05,0.0002168469545722
2026-05-21,0.0272881276905536,4.285960070167979e-05,0.0001513174629508
2026-05-22,0.0251207873225211,4.16319708165247e-05,8.578797132940963e-05
2026-05-23,0.0229534469544887,3.5765224311035126e-05,0.0001451975113013
2026-05-24,0.0281972531229257,2.989847780554556e-05,-0.0001328768848907
2026-05-25,0.0334410592913627,2.656089418451302e-05,-0.0001509570429334
2026-05-26,0.0302717611193656,2.322331056348048e-05,-0.0002803985844366
2026-05-27,0.0292572043836116,3.805959750025068e-05,-0.0002943596773547
2026-05-28,0.0286008492112159,5.289588443702087e-05,-0.0003083207702729
2026-05-29,0.0283766780048608,3.295865099062212e-05,-1.0925311471510211e-05
2026-05-30,0.027652557939291,3.2621501304674894e-05,1.1479531622171637e-05
2026-05-31,0.0244746189564466,3.228435161872767e-05,-4.461109438125224e-05
2026-06-01,0.025898665189743,2.679910176084377e-05,-0.0001007017203846
2026-06-02,0.0256404681131243,1.5596748198731802e-05,-0.0001567923463881
2026-06-03,0.0253822710365057,3.028975515917409e-05,-0.0001962625101441
2026-06-04,0.0296671018004417,2.4220529667218216e-05,-0.0001881251373561
2026-06-05,0.0264000929892062,2.024462719418807e-05,-0.0002030325558735
2026-06-06,0.0231330841779708,1.6268724721157923e-05,-0.0005158096901141
2026-06-07,0.0271079540252685,3.980476321885362e-05,0.0002272188867209
2026-06-08,0.024443631991744,3.0504141250276007e-05,6.888996722409502e-05
2026-06-09,0.0258284602314233,6.476204816863174e-06,-0.0001819881435949
2026-06-10,0.0272132884711026,3.167106842738576e-05,-0.0001622554118512
2026-06-11,0.028598116710782,2.171334381273482e-05,-0.0002377193886786
2026-06-12,0.0270871780812739,2.5369538889208343e-05,-6.311605102380001e-05
2026-06-13,0.025576239451766,2.9025733965681862e-05,0.000111487286631
2026-06-14,0.0242071356624364,2.9216769689810466e-05,0.0001479569327784
2026-06-15,0.0228380318731069,2.327392030565533e-05,-4.1913190216291696e-05
2026-06-16,0.0249893944710493,6.7951127675769385e-06,0.0002574043173808
2026-06-17,0.0263390811160206,1.6443713320768438e-05,-0.0005919724353589
2026-06-18,0.027688767760992,1.1894311683136038e-05,1.2801174307242036e-05
2026-06-19,0.0288317613303661,3.6977988202124834e-05,-0.0002171339583583
2026-06-20,0.0277408175170421,2.794561260088813e-05,3.7036545109000015e-05
2026-06-21,0.0260654333978891,1.8913236999651417e-05,0.0002912070485763
2026-06-22,0.0252001322805881,1.854597758210729e-05,0.0002594558827695
2026-06-23,0.0336826480925083,1.118613090511644e-05,0.0002277047169627
2026-06-24,0.0332907009869813,3.826284228125587e-06,-0.0002330555289518
2026-06-25,0.0328987538814544,1.3182301699998789e-05,6.529927486553788e-05
2026-06-26,0.0291101494804024,-2.84717975773674e-06,0.0004582387045957
2026-06-27,0.0253215450793504,1.6242373021668755e-05,-0.0001433177385479
2026-06-28,0.0284453369677066,9.313836926594377e-06,-0.0003102152259089
2026-06-29,0.0223843399435281,4.493931191973388e-05,-0.0001985871786018
2026-06-30,0.0247273556888103,4.031621938338503e-05,0.0002702776691876
2026-07-01,0.0255688345059751,3.272081085015088e-05,0.0006366936140693
2026-07-02,0.0257884585298596,2.649000089149922e-05,0.0002887012378778
2026-07-03,0.0260080825537443,1.887430698843673e-05,0.0002797091146931
2026-07-04,0.0280242785811423,1.75275908986805e-05,0.0004459019983187
2026-07-05,0.0300404746085405,1.556979441375006e-05,0.0003824727027676
2026-07-06,0.02552324347198,1.810119465517345e-05,0.0004257727414369
2026-07-07,0.0298584513366222,2.771668732748367e-05,0.0004690727801062
2026-07-08,0.0267066042870283,4.162414188613184e-05,0.0004046203102916
2026-07-09,0.030825512483716,3.120229575870326e-05,0.000340167840477
2026-07-10,0.0222160052508115,2.078044963127468e-05,-0.0002388068241998
2026-07-11,0.0248963019500175,4.565052222460508e-05,-0.0004581125685945
2026-07-12,0.0275765986492235,3.4320546546950936e-05,0.0002231470571132
2026-07-13,0.0302568953484296,1.869090920081362e-05,-6.209228013176471e-05
2026-07-14,0.0267918538302183,2.9923414331278764e-05,3.626829129643738e-05
2026-07-15,0.0265462510287761,1.5402649296447635e-05,-0.0001721255248412
2026-07-16,0.0261687245219945,1.835636157920817e-05,-1.6441737898276187e-05
2026-07-17,0.0283570569008588,2.1310073861968704e-05,0.0001107220741687
2026-07-18,0.027317875996232,2.4125873096636496e-05,-0.0001019720002659
2026-07-19,0.0299962349236011,2.4705290343263187e-05,0.0004471664724405
2026-07-20,0.0300512295216321,1.5096626157173889e-05,9.628289990359916e-05
2026-07-21,0.0296896621584892,3.70641537301708e-05,-0.0002074287476716
2026-07-22,0.0301530516395965,2.1271507648634724e-05,0.0001335397682851
2026-07-23,0.030616441120704,3.296967770438641e-05,0.0001003627476166
2026-07-24,0.0297248583907882,2.923586907854769e-05,-2.29016623052e-05
2026-07-25,0.0288332756608724,3.448013740126044e-05,-0.000146166072227
2026-07-26,0.0314391106367111,2.299517109349836e-05,-1.045135832100641e-05
2026-07-27,0.0302035628507534,1.5938146134431008e-05,4.525717486103531e-06
2026-07-28,0.0289680150647957,8.88112117536366e-06,1.9502793293213472e-05
2026-07-29,0.0277324672788381,2.697503077797592e-05,0.0003229318535886
2026-07-30,0.0333703570067882,-2.556308800194529e-07,-7.375773566309363e-05
2026-07-31,0.0303186848759651,2.199657501478213e-05,8.68333809194155e-05
2026-08-01,0.0317567363381385,8.48379022500012e-06,0.0002970115783682
2026-08-02,0.0327923707664012,1.362968873763748e-06,0.000507189775817
2026-08-03,0.0237801223993301,9.889365173876286e-06,3.192703297827393e-05
2026-08-04,0.0309555064886808,1.6541747754672542e-05,-7.768980867695063e-05
2026-08-05,0.0255115032196044,1.7353988368995488e-05,0.00056828930974
2026-08-06,0.0307434517890214,3.901634045178071e-05,-0.0003177121689077
2026-08-07,0.0286060851067304,2.8802223823731765e-05,-0.0004406413645483
2026-08-08,0.0274359500035643,2.306686837982852e-05,0.0001767903449945
2026-08-09,0.0262658149003982,8.686029104865156e-06,0.0002447531151119
2026-08-10,0.0303176846355199,3.5978529922431335e-05,0.0003127158852294
2026-08-11,0.0308724213391542,1.203683132189326e-05,-1.297086873819353e-05
2026-08-12,0.0337271243333816,1.845908809627872e-05,-0.0003415992250666
2026-08-13,0.034662028774619,1.709782736725174e-05,0.0005838960641995
2026-08-14,0.0349640632048248,2.525680247345008e-05,-0.0001056160253938
2026-08-15,0.0352660976350307,1.2151391274528578e-05,-0.000105307684862
2026-08-16,0.0297937206923961,1.4361352441483176e-05,0.0001959814690053
2026-08-17,0.0273152850568294,1.6571313608437777e-05,-6.074631528450001e-06
2026-08-18,0.0329826883971691,2.0211145965731703e-05,-0.0002081307320622
2026-08-19,0.0282729417085647,2.385097832302563e-05,0.0001972722529899
2026-08-20,0.0235631950199604,9.504690751782618e-06,5.1679733587645305e-05
2026-08-21,0.02664674539119,2.086022141156718e-05,-9.391278581460938e-05
2026-08-22,0.0297302957624197,2.04553271032637e-05,-0.0002339334168937
2026-08-23,0.0350882038474082,1.4373423255165108e-05,0.0005355168250389
2026-08-24,0.0301793571561574,2.81661850749515e-05,-0.0003256364143453
2026-08-25,0.0295968204736709,1.4825011021457613e-05,-6.763232522645001e-05
2026-08-26,0.0263377483934164,2.482440868334379e-05,0.0001903717638924
2026-08-27,0.0271548926830291,4.455198904906865e-06,-0.0001309790532104
2026-08-28,0.0312553569674491,2.720290285651572e-05,-0.0005806163535453
2026-08-29,0.0353558212518692,3.517626964821829e-06,-0.0002806622651405
2026-08-30,0.0341122858226299,2.5029103198903613e-05,-2.623362343001645e-05
