"id","nama","daerah","PCA dimension 0","PCA dimension 1","PCA dimension 2","PCA dimension 3","PCA dimension 4","PCA dimension 5","PCA dimension 6","PCA dimension 7","PCA dimension 8","PCA dimension 9","PCA dimension 10","PCA dimension 11","PCA dimension 12","PCA dimension 13","PCA dimension 14","PCA dimension 15","PCA dimension 16","PCA dimension 17","PCA dimension 18","PCA dimension 19","PCA dimension 20","PCA dimension 21","PCA dimension 22","PCA dimension 23","PCA dimension 24","PCA dimension 25","PCA dimension 26","PCA dimension 27","PCA dimension 28","PCA dimension 29","PCA dimension 30","PCA dimension 31","PCA dimension 32","PCA dimension 33","PCA dimension 34","PCA dimension 35","PCA dimension 36","PCA dimension 37","PCA dimension 38","PCA dimension 39","PCA dimension 40","PCA dimension 41","PCA dimension 42","PCA dimension 43","PCA dimension 44","PCA dimension 45","PCA dimension 46","PCA dimension 47","PCA dimension 48","PCA dimension 49","PCA dimension 50","PCA dimension 51","PCA dimension 52","PCA dimension 53","PCA dimension 54","PCA dimension 55","PCA dimension 56","PCA dimension 57","PCA dimension 58","PCA dimension 59","PCA dimension 60","PCA dimension 61","PCA dimension 62","PCA dimension 63","PCA dimension 64","PCA dimension 65","PCA dimension 66","PCA dimension 67","PCA dimension 68","PCA dimension 69","PCA dimension 70","PCA dimension 71","PCA dimension 72","PCA dimension 73","Cluster"
1,"Muhammad Ali Murtadho","Baron Nganjuk",2294.1668640321777,-1602.978353631627,-78.52272147366484,-22.789217320780654,-35.370285176199545,30.178629184255396,-29.252591506784924,-35.40987793563835,-20.816607731735964,14.599578245551166,-20.28381951582812,6.495275768056888,-7.7406774299129015,-6.451549064620903,-4.578664987606889,-1.9489168849397878,-5.591118629780316,-1.7663913346126443,-0.42618372721557923,-8.123126290734863,1.085400358514593,3.6814812234639303,-5.128166484728663,1.853017701746629,-1.7878758572879943,-0.4990402648179411,0.6923766815381441,-0.8641732270316124,-0.9476477221365543,-0.8868479637476361,0.24877998900661594,-0.21400783953720753,-0.07326215160464701,0.0057492571308452945,0.1770107593898139,-0.10753082176158626,0.00000000016138301459078797,0.00000000007309471083960517,0.000000000011646638297876932,0.000000000002373269115951704,-0.0000000000007650366885131321,0.0000000000007710455537934813,-0.0000000000004603162469252187,0.00000000000027144432535042284,0.00000000000034683627497811287,-0.0000000000006055841592078615,0.00000000000019627528768939584,0.000000000000018721135752741702,-0.00000000000029013510344233495,-0.00000000000009561969271931758,-0.00000000000008685153290999281,0.00000000000010025227176191365,-0.00000000000013402863888178906,0.0000000000001234161427568492,-0.000000000000055004828816707096,-0.0000000000003847616669716558,-0.000000000000007998809947729058,-0.0000000000003610514665020048,0.0000000000001853959694098073,0.0000000000001958525708148709,0.00000000000013850899593936816,-0.0000000000002338042953686781,-0.000000000000155050885325414,-0.00000000000000239044894989604,0.000000000000020924234567232247,0.0000000000000475175454539567,0.00000000000004184933649620248,0.000000000000029378409427405217,-0.00000000000002930641840315218,0.000000000000011599662202987915,-0.000000000000001519617764955683,0.000000000000015386346710610788,0.000000000000032687611298265473,-0.000000000000002364428097756388,"cluster_0"
2,"Ainur Raftuzzaki","Nunukan",59594.95105133748,6515.2785535080575,671.0138696029803,113.90065913153622,73.24810282280153,-4.199786376940546,-24.346138158795878,-14.991320340936515,17.595332121345113,2.286232048131889,-2.2884355073424802,-2.1792522195773345,-10.653759321865442,-1.9524510145352771,6.284758559370965,3.474936667948837,-5.373200091894828,1.3113161197156296,0.21138576778284274,0.024223778602162398,1.788878008550875,-0.12297201491832337,0.7511852129091202,0.6506510758882804,0.06017632796016516,1.3601087043883664,-0.07945138251019115,0.12972045573339477,-0.2937847278780312,-0.18465535341362965,-0.6695052493161151,0.0524105688402714,-0.24284155394650106,0.14437554235458208,-0.15571072360936578,0.10460008852364902,0.00000000026983840346623406,0.00000000007977586733570741,0.000000000014112563548329682,0.0000000000006644233774277808,0.000000000000020535222827744448,-0.00000000000026685945120341614,-0.0000000000007751147813872539,-0.000000000000012558313763899598,-0.00000000000007341783431202842,-0.0000000000003334537507226898,0.00000000000017695653969918013,0.00000000000017222941822714333,-0.00000000000021529262747566058,-0.00000000000022838501922972654,-0.0000000000001899652310455302,0.00000000000009992180693974007,0.00000000000017181612035899185,-0.00000000000010854544259947252,-0.000000000000056490402633446735,-0.00000000000002266676429885095,0.00000000000009947598300641403,0.00000000000012109237224056102,-0.00000000000002965943463051346,-0.00000000000009403521255939296,-0.00000000000005050647400306474,0.000000000000020402082800963228,0.0000000000000491256341161872,-0.0000000000000031814828549414642,-0.0000000000000006591949208711867,0.000000000000016943044189865475,0.000000000000024392814157447873,-0.000000000000008606396845189934,-0.00000000000000902403152203135,0.0000000000000046737787251505125,0.000000000000014460654895742664,0.0000000000000030912772341906702,-0.000000000000007658966776763476,-0.000000000000002435551760271437,"cluster_1"
4,"M. Hendrik Purwanto","Sreseh, Sampang",-2487.5520514956415,-616.1517461474639,-129.48355516123928,46.45568425076726,31.73632705610399,-46.13556793631007,-36.80230362096041,13.124407022181202,-20.140973541528922,-19.615069338938767,16.563517938848275,42.1006660993179,-2.397673565132732,1.1055722914461386,-7.139121955405748,0.27820899366158,3.0908290270418526,-1.0931325792199857,6.17121966808276,1.4411995103836577,-2.9807261334137043,-1.5071874715808657,0.5950458635501571,0.2831021231850467,-1.8421430882869865,1.4609960577513146,1.5985652915385535,-0.3918068241152037,-0.1915403727213826,-0.30640796131745557,-0.1390198458032412,-0.4564155592447814,-0.026268393034346207,-0.09212282171513289,-0.08440514560647572,0.057025049109140136,0.00000000023222595753932124,0.00000000005862841288839515,0.000000000015574381194427556,0.00000000000010825064802877371,-0.00000000000031192886815190057,-0.0000000000000006357761539454998,-0.0000000000004647866293228109,0.000000000000019441913357010066,0.00000000000002100489920886517,-0.00000000000016109336087311021,0.000000000000039968028886505635,0.00000000000006059302365413188,-0.0000000000000895000219769404,-0.00000000000003230705633572306,0.00000000000008142358315366138,-0.000000000000015307199952019346,0.00000000000006853718981236767,0.000000000000019527890589288166,-0.00000000000003357058554753767,-0.000000000000068736683012105,-0.000000000000049942688873372276,-0.000000000000049850748529145505,0.00000000000011426189855390234,0.00000000000004456675371626584,0.000000000000027125870993849333,0.000000000000007176984700985045,-0.00000000000005139638714624084,0.000000000000029965613324023366,-0.00000000000000950281520140095,0.000000000000004119968255444917,0.000000000000016610844644215916,0.0000000000000014784180824012338,-0.000000000000026961072263631536,-0.0000000000000013934166320783703,-0.00000000000000584601811404184,0.000000000000007761369671954732,0.000000000000012089071063647872,-0.000000000000005329070518200751,"cluster_0"
6,"Okan Syailendra wahyudi","Manyar, Gresik",-23190.753929316834,-3314.409999858658,111.30039894859101,-85.03795055188097,-32.728010859396875,17.449594162921844,-2.6141175551732982,1.8721965916195962,25.134136555120413,2.218473145823242,7.089419219874359,-7.317788573184379,8.705236310040762,15.019799503870482,-8.329304471429122,0.3127449950015215,-13.568675291885286,3.5216078884896587,9.673931101709206,1.1864825739605582,0.3887362171879472,2.3798371707219794,-1.3960870237162577,-0.5355003760221375,2.0995880274357415,1.8803018536141693,0.8190379117456521,-1.8118226595001696,0.4100387222147443,-0.15376880359664744,-0.4830485242993257,0.06275179023578543,0.13061082219538042,-0.046381130991637536,-0.018480104693060048,0.06577184834466429,0.000000000042464424988494787,-0.0000000000059823326847840974,0.0000000000017823171324232723,-0.0000000000025280485170531275,0.00000000000023907265056521965,-0.000000000000159016029510628,0.00000000000025876523146450836,-0.00000000000002088064963989833,0.000000000000012434497875801753,-0.000000000000009087348928904504,-0.00000000000027742825398080484,-0.000000000000117503229368765,-0.00000000000003133864695525901,0.0000000000001197323490353952,0.00000000000007415162234236661,-0.00000000000003805983306293115,0.00000000000010187206980760699,-0.00000000000010909816886700563,-0.00000000000001288574281999022,0.000000000000010835082830951137,-0.000000000000013584619540374376,-0.00000000000010022364882456003,0.00000000000003305342111126208,0.00000000000009350612189922003,0.00000000000003563468964351557,-0.000000000000019426084005291777,-0.00000000000001988730360946711,0.000000000000009728329253277934,0.0000000000000059674487573602164,0.00000000000004443667656062189,0.00000000000006014893444428182,0.00000000000003920475055707584,-0.0000000000000007563394355258879,-0.000000000000017335959057174222,-0.000000000000002445960101127298,-0.000000000000003536016965344224,0.0000000000000020906670492037982,-0.000000000000011187231696574429,"cluster_0"
9,"Muhammad Zaidan Nabil Rafi","Kamal, Bangkalan",-33836.751314409725,44890.47205740898,-80.22068670184947,-9.116510982089466,3.519801948226923,0.3564590723113338,2.1513732111642265,-0.750520151185515,-0.1265467198934384,-0.14135502981055892,0.016297913867332696,-0.8808141399851694,0.7758732190212716,0.7483406930203622,-0.1840412558882571,-0.2910730222957617,-0.13696564041126696,-0.47030955873805386,-0.5215048793138836,0.09728060160798205,0.07221395341503013,0.2736117835186855,-0.4173072128386506,-0.2094111359739192,0.012004357832628163,-0.1464309769519496,-0.05108867342503875,-0.07498762737311553,-0.0032806757771310746,0.028648873380329107,0.03372247770597149,-0.0016654346289997762,0.03486181435084065,-0.011192805265438746,0.009868282012056931,-0.011562454773123712,-0.00000000000804596948962566,-0.0000000000007548102767818143,-0.000000000000540286782327315,-0.00000000000014013096238940648,-0.000000000000023725379300065796,0.0000000000000733822724807709,0.00000000000010665513611174404,0.000000000000026338957057059353,0.00000000000003517932473107166,-0.000000000000013242879015606945,-0.00000000000002574763319218576,-0.00000000000004010680676458378,0.000000000000012272301230797922,0.000000000000015839760059144226,0.000000000000016021472343252796,-0.0000000000000032933725191419683,-0.000000000000008637188186888523,0.000000000000021041762082729676,0.00000000000001209817836189675,0.000000000000001268082860939046,-0.00000000000001532107773982716,-0.00000000000004092559624524483,0.000000000000016388800039290885,0.00000000000003639589443629049,0.000000000000026069424396979457,-0.000000000000005804818431487391,-0.000000000000008220854552654089,-0.0000000000000003712308238590367,-0.000000000000000038163916471489756,0.000000000000012059797604990763,0.000000000000013149203947904198,0.000000000000005555885612684719,-0.00000000000001355512924128277,-0.0000000000000012954047556856807,-0.00000000000000016653345369377348,0.0000000000000007925517880869037,0.000000000000001442205729840218,-0.0000000000000003608224830031759,"cluster_0"
10,"Triswanti Jannatul Ma'wa","Kedungpring Lamongan",-5101.017905664334,-2168.426925785968,-130.0807989071809,21.905580850734648,3.4334743262212233,13.160989197919223,-18.31761285891346,-10.292948551896197,17.55706672034497,5.305371789256123,-7.952875481498363,-0.22548557668370364,-2.2897529154343648,5.311225062006198,0.2417368713837456,-3.059721543784675,4.266235161301065,7.982057479658657,-5.796559486940921,-0.7197909204841747,-3.858997608304959,-0.8622458421306,2.0498521064238076,-2.3380566206698337,3.5940960361636796,0.15569467371513637,0.3981890222400025,-1.6647535098302475,-1.8992691702268703,0.5365087708378286,0.4923485278537633,-0.43303976070567457,0.19051803553085106,0.03157549877108734,-0.3491767071434757,0.10833486052661086,0.00000000044812854447205674,0.00000000022222921593206824,0.000000000037356711907882145,0.0000000000020848652665383938,-0.0000000000005261299208803027,0.00000000000039773739857196233,-0.000000000001586631867556143,-0.000000000000020660122918014778,0.00000000000008094133002733983,-0.0000000000007474489777115068,0.0000000000008832457334961852,0.0000000000004820874602295966,-0.00000000000043362362311949454,-0.00000000000021239086878122038,-0.00000000000017818645864364768,0.0000000000000444956571588051,0.00000000000004144124279847894,-0.0000000000001470037199607921,0.00000000000004060488924262362,-0.00000000000011754746481740241,-0.000000000000028220481507190698,-0.00000000000021125115545750361,0.00000000000016888573872719803,0.00000000000017923950355620138,0.00000000000011124087762048873,-0.0000000000000017707189881033258,-0.00000000000005866401114884567,-0.000000000000012710318908482066,0.00000000000005497859112413295,0.00000000000000304790914729125,0.00000000000001622226658559711,-0.00000000000004300943282076197,-0.00000000000007299022497520014,0.00000000000001793140289030326,0.00000000000002228078832544611,-0.000000000000013024954378937359,-0.0000000000000060675206178806285,-0.000000000000008963316200372162,"cluster_0"
11,"Ahmad Syahrul Farihin","Gresik Kota, Gresik",-18409.323480472638,-3510.847801298865,-17.341408002372287,-23.402434457826,-5.415315731801322,-30.2509659381596,9.166270280770352,7.160289272223049,0.7242119447292789,0.0798594082231564,14.110646989022914,-5.054144351589755,-13.352079935410808,-1.6111285716524535,7.762842985965803,-0.0971687365009041,1.3283580166646847,-5.201460863095756,-4.839108075462922,2.1896638410290765,3.058630184791008,8.982806411305837,2.878671968522793,-3.089153788525886,-0.9311975126562608,2.164369148668804,-0.520568518019624,-1.5578101987729323,0.29785521291925654,-0.3624423214455377,0.5159587191063087,-0.2674604144355784,-0.1051482742000225,0.08835445551767046,0.17133415417708503,0.24930796385879575,0.00000000030353953996576505,0.0000000000365432779522723,0.000000000015867809453548598,0.000000000001993976598418934,-0.0000000000006831252143818523,0.00000000000007059804130182812,-0.0000000000008386355845879656,0.00000000000022178829953145573,-0.00000000000024213183541510475,-0.00000000000006661685092446135,0.0000000000001585207659582366,0.00000000000006486911702241471,-0.00000000000013070794446790046,-0.00000000000034526071238105693,-0.00000000000018057647391267473,-0.0000000000001593820561640591,0.0000000000004681658706540137,-0.00000000000023596326715474847,0.00000000000006257559574673888,0.00000000000001676089822488791,0.00000000000014936489545203102,0.000000000000008841885557053786,0.0000000000001213326314419838,0.00000000000003688172542978124,0.00000000000005165312622068541,0.000000000000007273695534770752,0.00000000000003482717586544837,-0.000000000000014153608840494769,-0.000000000000052829268737397683,0.000000000000020320550797592318,0.00000000000005419883292168137,0.00000000000005274643569141979,0.000000000000017420093145759097,-0.00000000000001865781834586855,0.0000000000000049682480351975755,0.00000000000000004185020385794047,0.000000000000016366329949266123,0.000000000000014205650544774073,"cluster_0"
12,"Rian Renaldy","Waru, Pamekasan",11546.74386372269,-545.9733572692403,1.3665106235547104,30.584783584072643,1.7757314198900744,-30.88417073791593,40.65777734880157,-4.66014464873449,-22.43506090978693,-23.083843677105524,-12.9614372641224,-20.691271450697553,0.14177201368156558,12.84453662053924,-2.788050882160757,-2.5865590551913646,-0.07922524227230592,-3.7171346290364857,-1.3763298272726867,-3.002309871674757,0.8493559468556982,-2.5636173915562823,2.45894677032206,3.317275403669098,-0.6228988862701967,0.4906716240888126,1.8634130050802629,-0.10294289764414224,0.4844770237015954,-0.5770375275021061,0.33934207717525494,-0.3343898781819912,0.5874913543229827,0.45232574853128527,-0.2508984054821508,0.07341190642828702,-0.00000000003406943282178998,-0.00000000017883439607652152,-0.000000000004045921150191978,-0.000000000005904069767803666,-0.000000000000007268274523908325,-0.0000000000006258509335776985,0.0000000000010267659118767813,-0.00000000000007498190436605601,-0.00000000000016512225614606635,0.0000000000003044014693087682,-0.000000000000570990303649932,-0.00000000000039644242749714564,-0.000000000000027683584591375876,0.00000000000004432001640686245,0.00000000000010752119680712546,-0.000000000000037496915294976674,0.00000000000000033133218391157016,-0.00000000000009986607894807431,-0.0000000000001848709987178898,0.00000000000009086221358645119,0.000000000000012075410116274554,0.00000000000012653246506122429,-0.000000000000042891905305264544,-0.00000000000007336088659291862,0.000000000000017257029139017277,-0.000000000000012139378044451199,-0.000000000000008473690499277708,0.000000000000014105036583167418,-0.000000000000023368459944883568,0.00000000000002955448386021686,0.00000000000001319690884349356,0.000000000000046909091194757835,0.000000000000025177776530327378,-0.000000000000006005178992962712,-0.000000000000018686441283222166,0.00000000000000693650865912776,0.00000000000002551558682221955,0.000000000000006697767340746452,"cluster_0"
13,"Ahmad Dafi Zidni Alfarisi","Paciran, Lamongan",7258.935136585541,-654.7430170433137,-31.004480118445933,60.32356579284208,-43.818674918848956,-0.6019846976629409,-0.9157460572326088,-7.127865594690205,2.6883634897519864,1.048546149484207,16.234033581255794,-7.480902897415953,-6.872124164259586,-2.595486025121073,9.693000292652572,-5.0576211429582685,-3.5983134316246983,2.7112662289909846,-2.683570890871366,-2.4910996005273054,-1.1479136341818768,-8.32448812768674,-4.041991349160254,-3.953382730674623,-0.24327748753884634,-0.4716152085345466,1.6451312078427263,-0.4317907682695549,1.217265808953465,-0.44367222573482384,0.31382074261684806,-0.11242923948419035,-0.046498625695323516,-0.36654288565036725,0.17692855737862567,0.2022945900733881,-0.00000000008167627067300759,-0.00000000006154704003391576,-0.000000000007422535459530866,-0.0000000000003171716361771715,-0.0000000000004630725056881113,0.0000000000004691637703335694,-0.0000000000000018101839471817982,0.0000000000002962575931103606,-0.0000000000003285332075830816,0.0000000000005272874151196483,-0.00000000000025070310410990615,-0.00000000000030786311000507993,0.00000000000040612955706786913,0.00000000000028588719933053675,0.00000000000032196814658824735,-0.0000000000003125043626650559,0.000000000000169037093350477,-0.000000000000022097774998730557,0.00000000000012178387638617227,0.0000000000000506140268585753,-0.000000000000004933553565678039,0.0000000000000022152418788223827,0.00000000000006743910985207435,0.0000000000001250745790574645,0.00000000000005332713437500303,-0.00000000000007177635222288536,-0.000000000000004162468980606349,-0.00000000000002878947080731109,-0.00000000000001611905053877649,0.00000000000000811156697366755,0.0000000000000015161483180037294,0.00000000000005047438161875917,0.00000000000003416711358283919,-0.000000000000020456292909587503,-0.00000000000002578492974691926,-0.000000000000002254923678335352,0.000000000000016641798616240377,0.000000000000018067145002298446,"cluster_0"
14,"AHMAD MAULANA ISHAQ","Kertosono, Nganjuk",6219.122578237396,-1145.681297374553,-58.75405410734044,68.18153399579377,-27.646050105357816,-9.732584177647476,1.3903757491181983,11.706189305707845,-8.07290981055864,6.687193918016345,11.953202899883266,7.653879232875431,2.2455685456978567,-4.877635939642332,-3.8687643771187035,11.819260502834876,-5.004699599883906,-3.759995628005878,-4.679661860394794,-1.8925798424413403,-3.029100548271297,2.5035626392890444,-0.4834465042693171,-2.415230667246051,3.131944783363432,-0.9461008122867425,1.2421961972690883,2.3739381210070962,-0.47732771247954836,-0.16767488936683123,-0.4805125187002287,0.6446662309525948,0.6833152744649574,0.23849630725874676,0.14954738868559386,0.10601582806632802,-0.0000000001391823209418927,-0.0000000000820366006029638,-0.0000000000029867879003386832,-0.0000000000007354564006412101,-0.00000000000034104121436617785,-0.00000000000008084331815094714,-0.00000000000006930090182266646,0.000000000000336579288745531,-0.0000000000003151966534997719,0.00000000000019136081608195354,-0.000000000000053105089770077996,-0.00000000000018247382771452436,0.00000000000010716861426063318,0.00000000000006380182840381998,-0.000000000000019149612451307974,-0.00000000000016580053302517328,0.00000000000019608273338356241,-0.00000000000020577972919405552,0.000000000000005352489285126438,0.0000000000000027668839441830073,0.00000000000008190496891824495,-0.00000000000020063638250800153,-0.00000000000006073700570263796,0.00000000000008581785455874513,0.0000000000001340941246930072,-0.0000000000001601891362612573,-0.0000000000000698664216758349,0.0000000000000184297022087776,0.000000000000049514212174806005,0.00000000000003306036000516599,-0.000000000000009766493169749424,0.000000000000000143982048506075,-0.000000000000024837770729035924,0.00000000000002153138778382413,-0.0000000000000035180192092809648,0.000000000000011868978022633314,0.000000000000001986421010319317,-0.0000000000000006435824095873954,"cluster_0"
15,"Rahardian Ananta","Jabon, Sidoarjo",86948.58914756712,5113.444577000105,-227.24739506670971,-313.6787346970123,-22.888440024819033,-28.774154723635977,-4.891089921091717,4.317035787742526,1.1284347759408644,5.198774409963839,4.601156006512517,-0.054845417074315284,3.454359431968711,-0.80722050238489,1.2006029523181954,-1.0237478529152522,1.8594844212648165,-0.979210223542281,-0.012642487374496294,0.4081566190741244,-0.6624358837678475,-0.43510861872188616,0.16100327636914727,-0.38461187265922303,0.41879012537374327,0.16048031673288973,-0.048226244034841256,0.13407439932897858,-0.08430387224311992,0.07861427964088089,0.012372086549350934,0.027021925977720955,-0.031248216065432266,0.00547240698422857,-0.003203899435990587,0.007094353633099729,0.0000000000011833861798468681,0.0000000000060205417040659626,0.0000000000004950885621607393,0.0000000000000945038318433955,-0.000000000000028404145355209742,0.000000000000037007723274751214,-0.00000000000004340538345415368,0.00000000000006199207813750718,0.000000000000013750285632330161,-0.000000000000045251129232593,0.00000000000004526934382909076,0.000000000000025069356313078828,-0.000000000000013179995289602786,-0.000000000000045170030910091086,0.000000000000002197027282324626,0.000000000000009663277122928804,0.000000000000013907711787775057,0.00000000000001557098634058507,-0.000000000000009386371888076006,-0.00000000000003720461438927458,0.00000000000000814452671971111,-0.00000000000003578908003287751,0.0000000000000015074747006238454,0.000000000000023100946611349926,-0.000000000000007950237690401707,-0.000000000000030077069307354876,-0.000000000000013163515416581006,0.0000000000000024407559306993676,0.0000000000000015577816814271728,-0.000000000000003644654023027272,-0.000000000000005074066167232161,-0.0000000000000014029576111962427,0.000000000000005401928904191777,0.0000000000000041364481284666965,0.000000000000002581268532253489,0.0000000000000026235524169804236,-0.000000000000006366977257921125,-0.0000000000000006175615574477433,"cluster_1"
16,"Verdi Setyawan Ardiansyah Putra","Menganti, Gresik",-19098.995685470392,-2264.9669112244915,90.92924278305509,-29.646585203962786,-19.84410777450059,-23.42787110308516,11.712014983208697,-13.56659117781922,-22.98774567251795,-7.497262855273439,4.488381944776124,-17.61514435701176,10.146582620018137,-9.666350898190673,4.7671195454944,9.97296871070297,1.815841028599929,2.3502476894118245,-0.24003351358183891,0.8929993373526692,-0.9498407845217077,0.11919461955470816,3.374891460855979,0.5928514757212916,2.5046431753874843,-0.28509569039567073,0.04725910007595817,0.4977940812388137,-0.3206942825506111,-0.9594470058433358,-0.8318181735420382,-0.7793781117749802,-0.32300484345917196,-0.4709647726211408,-0.010574635902912296,-0.2385831586467108,-0.0000000002955664727723184,-0.0000000001969267691623311,-0.0000000000208673651275193,-0.0000000000058540477153312676,0.0000000000008126103956396236,-0.0000000000006447169187406843,0.0000000000020059782827874795,-0.00000000000026916338081994784,0.00000000000016931074597881235,0.0000000000006508751870804019,-0.0000000000010090175223131936,-0.0000000000004501876302298591,0.0000000000004267536844737574,0.0000000000005919574726231946,0.0000000000005404487621318843,-0.00000000000015201121611463364,-0.00000000000019307212079100466,0.00000000000039688120411635053,-0.0000000000001176092643412341,0.0000000000001158361601083513,-0.0000000000002581337921192528,0.00000000000020076475204522382,-0.000000000000012941037130786981,-0.0000000000001782415225614828,-0.00000000000013022048717115098,0.000000000000142448769793746,0.0000000000000043554569673087684,0.00000000000007352451980580099,-0.00000000000006879392888681224,-0.000000000000007849623728795052,0.000000000000004906665351800399,0.000000000000017966964721560785,0.000000000000028185787037671162,-0.000000000000013826613465273141,-0.00000000000001170244456893954,0.00000000000001654687671603927,0.0000000000000005421010862427522,0.000000000000004100886297209172,"cluster_0"
19,"Muhammad Isa","Bandung - Jogoroto, Jombang",-3811.926201413525,-2429.0749225863497,-139.87084859363424,6.072037488848743,13.765092744331154,21.153999430059837,-9.874343183629799,-35.47643200934892,2.0623581879236186,3.0027370218606464,-9.823481760207079,-3.148291568158038,1.840446030075299,-8.431119887981291,0.9862238058618694,7.076219336561742,3.9491110659360933,-8.636584544802892,-0.713129896946489,5.773659637469476,0.20243284739787432,1.045700281986629,-1.792404034580419,0.6580891685562096,0.6014754729165561,-0.018058038147628425,3.3768382614751196,-1.4527592924159536,0.9191823057355666,1.0433184747270112,-0.05700788683415978,0.34470123791735074,-0.12502708417558805,-0.19009987644249596,-0.36623981884359214,-0.05021853221338033,-0.0000000001314695146368075,0.00000000006628548838288895,-0.000000000011356572366533202,-0.0000000000009675146968313175,0.0000000000007936487838450246,0.0000000000000438676872605015,0.0000000000007012316075027947,-0.0000000000003611423226440591,0.00000000000014915499391143783,0.0000000000002368634802185632,0.000000000000022109050701324406,0.00000000000006938633695385832,0.00000000000023269971019534985,0.00000000000035848407575755914,0.0000000000004070957980439882,0.00000000000010239985942517293,-0.00000000000038888727307839766,0.00000000000009938122373653879,0.00000000000007779866161017335,0.0000000000001884768383031421,-0.00000000000018607511365065221,-0.000000000000003058317488147111,0.000000000000017139935304388842,0.00000000000017084207312723088,-0.00000000000007779193955670394,0.00000000000017665795042087762,0.00000000000006082504291904378,-0.00000000000002193904780067868,0.000000000000024097043804793827,-0.00000000000003226238720621666,-0.0000000000000052778961756594356,-0.00000000000002801535045615644,-0.000000000000005672545766444159,-0.000000000000022104713892634464,-0.00000000000001144223604754302,-0.00000000000002248938882343232,-0.00000000000003680858244071994,-0.000000000000015789453078340898,"cluster_0"
20,"A.Choiril Anwar El-Asfihani Risydan","Banyu Ajuh, Perumnas, Kamal",-18182.538008408552,-3292.092570084714,-80.00784902467274,-19.289079595547115,-1.1726646318926597,-33.29745682538701,-18.18903864911262,1.2369088189544608,11.283641550321773,-11.773985350599071,6.192745024048868,6.974845750066137,-1.41369495533841,-3.109671947335829,3.684921593859652,2.6219930633764297,-0.16398076208436452,-1.4784014902602134,-0.7223370186815399,4.734876796981396,7.306822370109695,-4.926031238930466,-1.5883895712639842,2.0739336307605556,2.3849378874436815,-3.260198462452278,-1.2110719337705114,-2.3939581092782745,-0.560622880012042,-0.3136658752737539,-0.15776001973744982,0.20648619836396898,0.023817757902984252,0.49131760362555915,0.21167639555931242,-0.050816387277405665,-0.00000000021979218228426745,-0.00000000019021714325190286,-0.000000000020021158992841737,-0.0000000000011020034711151094,-0.0000000000005128376022456305,-0.00000000000020761604241359422,0.0000000000010937470547311978,0.00000000000022189932183391825,-0.00000000000009137916118229228,0.0000000000002459889930639392,-0.0000000000006056500786999486,-0.00000000000040790721494987636,0.00000000000004204015607855993,-0.000000000000049394516254963605,-0.00000000000007141336133553722,-0.00000000000003233871503915964,-0.00000000000001592476150946709,-0.00000000000009115061136433233,-0.00000000000010674989538161928,-0.00000000000003374557577817683,0.00000000000009393180677719215,-0.00000000000008137587825807202,-0.000000000000022719673364868243,0.0000000000000010389502843113907,0.000000000000052534365746481626,-0.00000000000012174636299100428,-0.000000000000019225072922512965,0.00000000000001709743457922741,-0.000000000000028282931552325863,0.00000000000005396204316721054,0.00000000000004566052397292353,0.00000000000008105452073414732,0.00000000000004533179387422592,-0.000000000000017262233309445207,-0.0000000000000018145207558717402,0.000000000000010064865607617435,0.000000000000006184587347454751,0.00000000000000547652201365878,"cluster_0"
21,"Mochammad Zaenal Abidin","Widang, Tuban",815.8559959788548,210.78321178782815,85.13509534905289,15.688009975269749,-44.49488720633642,27.973761962296106,-13.158972707741295,2.3718343778163717,-22.627677611013326,-0.2132527526268348,12.263342640049343,2.79614067856991,-5.468459335565907,-5.993209781851807,-6.215470164987321,-7.405801073753632,-4.227316170987504,0.831574204701808,1.9266343950544877,-3.6942847166532715,-1.6933361183038984,0.3824150636322923,8.349292019873035,1.0184292512924527,2.1817627910460966,-2.2640588531272026,0.09415651246569601,-0.18192932302648146,0.7847632419603355,0.19949696727116595,0.5021049977816067,0.4797066417490501,-0.6571860418379811,0.23570024252198923,-0.13406880756298012,-0.018052851224080794,-0.000000000489105530707655,-0.0000000002754747489147613,-0.000000000048349273803344195,-0.0000000000019575994471277003,0.0000000000009008134949778368,-0.0000000000006862245147121193,0.0000000000019196749224958953,-0.000000000000356660664543873,-0.0000000000003349863789137153,0.0000000000010577016693047447,-0.0000000000006595644169715698,-0.00000000000042624757889964116,0.0000000000005293699506525584,0.00000000000007601818480251765,0.00000000000014509443993504512,-0.000000000000020448052973076614,-0.00000000000022148602396576678,0.00000000000012058659192709653,-0.000000000000005206555672709889,0.0000000000004724614796614013,0.000000000000011277437317325223,0.0000000000005703788136246501,-0.00000000000023741859173087576,-0.00000000000028674777125241996,-0.00000000000020835937142305028,0.0000000000002543178341529728,0.00000000000026547427450784866,-0.000000000000049496864940046237,-0.00000000000009096716435674779,-0.00000000000005455878804294656,-0.0000000000000441964173591991,0.00000000000002849500149726403,0.00000000000013354248262764656,-0.00000000000004069314329946394,0.00000000000000010408340855860843,-0.000000000000010272815584300155,-0.00000000000003810423114189443,0.000000000000025373800283112757,"cluster_0"
22,"M. Fatihul Umam","Kwanyar, Bangkalan",-11680.376436193013,-2544.6467600843002,99.72937925698652,-71.6969803405906,-29.248563258712597,3.3329287416174496,0.15433275519960574,-0.6411663007910423,18.37805947125792,-14.95714771966392,-1.308154871448508,17.227792644198622,-11.630805257363548,11.085371507982378,6.204229999594024,3.6743416125026602,-3.6109454315574534,5.1314363358676225,-5.917604569609653,-0.6203595835757328,0.654613747850618,2.4822037672933264,1.6447463051730051,0.23383863214365422,-3.825270999832584,-3.3222074433246074,-0.4188313770684296,0.4243572256884638,0.6602502544937846,0.1219923536924852,-0.42645682671626306,0.06700590344169612,0.3562312920595126,-0.3162273567885222,-0.34456415581757033,-0.21907841063803427,-0.0000000003503949371321327,-0.00000000006159711629649678,-0.000000000017449193999430346,-0.0000000000059141116483252265,0.0000000000013455740428131024,-0.0000000000007134917656692608,0.0000000000015574330020085014,-0.00000000000042231387657742925,0.00000000000010361676794357066,0.0000000000004483904567087471,-0.00000000000036251644047746723,-0.00000000000022362060120295624,0.00000000000030479395049520797,0.0000000000005177464360017758,0.00000000000037513178327563956,0.00000000000002044458352612466,-0.00000000000037755692669505514,0.00000000000026312047159138263,-0.00000000000003869018820601422,0.00000000000026440568484664695,-0.00000000000025805399483935787,0.00000000000020574167369780128,-0.0000000000001231723056882572,-0.00000000000006283251100403647,-0.00000000000013291277800586698,0.00000000000020641604744908726,0.000000000000021282021284152464,0.000000000000022941717969793274,-0.000000000000014068607390171906,-0.00000000000004394401509344448,-0.000000000000032127946136828456,-0.000000000000040239946791365,-0.000000000000011424888812783252,0.0000000000000029086975883441113,-0.00000000000001645211744616404,-0.0000000000000001468009741545373,-0.000000000000013196122796918508,0.0000000000000050584536559483695,"cluster_0"
24,"Dedy Nurohim","sambeng, lamongan",-6083.0582772514845,-1595.597117451224,63.02739957912887,0.6614511407917201,-47.24119137797547,29.4535845917177,-13.111819357829994,-5.311681798054657,-17.76608622247169,6.35338805760817,-6.729003828253768,-2.3027989854214628,7.98649359211192,-2.8904385995485113,-5.7172511671965776,-6.143616081768136,-0.9303047079245994,-6.758512382785109,0.3203590600768423,1.84389487208607,4.583659493496402,-3.439871703908583,3.6568427889262454,-1.043028813410287,-2.67294933488621,0.0013621409092250659,-1.9873757751878074,0.4515827649857026,-0.8519815842654339,0.3969954632207316,-0.7006569580990998,-0.0036479224293134564,0.28932135447925744,-0.39593882683844317,-0.11999653287896023,0.4261740262991243,0.0000000006999296320482629,0.0000000003891343219875054,0.00000000005949148530574877,0.000000000005271442570647933,-0.0000000000002904922396379517,0.00000000000004067059189427624,-0.0000000000039420541483869975,0.00000000000024198872072833666,-0.0000000000004893576863174154,-0.0000000000006775378869061655,0.0000000000012374563179706755,0.0000000000006877502040092409,-0.0000000000002808408887389202,-0.000000000000485722573273506,-0.0000000000004439335184180937,-0.000000000000060435163817818,0.0000000000008323918811170561,-0.00000000000043960310652096934,0.0000000000002044454015803776,-0.000000000000015256892971216018,0.00000000000018658165290563744,-0.000000000000028171909249863347,0.000000000000020655352428455842,0.00000000000005875572110011079,0.00000000000006584489897765167,0.0000000000000018646108962405705,0.0000000000000018622256514611024,-0.000000000000012006021177235482,0.00000000000007639548715854261,0.000000000000016426096594024386,0.00000000000001083334810747516,-0.00000000000008305032009325863,-0.00000000000011567483082508545,0.000000000000049258340462099426,0.000000000000023103047253059117,-0.000000000000007877162463976184,-0.000000000000007482350242865587,-0.000000000000009924353006063313,"cluster_0"
25,"Marshella Aulia Putri","Kec. Kalianget, Sumenep",19983.043161573292,119.9220873929146,4.940961639614204,58.43699356120819,-27.460370297970314,33.5434210960785,7.052540707503108,-14.891715212699053,-4.487445364864954,-20.884259964520535,-0.3364236592395814,1.7771652711999881,-11.101739509819827,16.937731081142157,3.0038489405501134,8.416306247211839,3.2703916828870394,-5.961359304665929,7.319129393069055,0.03205134014790726,2.4319610481468263,-1.05039763387345,0.2747252990582646,-1.8124359902879037,2.1346192710029266,0.497639870217827,-1.4631464669664298,1.2426644949325392,-0.5437217802838209,0.3215107202091727,0.9629637692053623,0.04424054988652901,-0.013635947967878844,-0.3212625383305358,0.18703839387612753,-0.2453085805100088,-0.0000000003965977145217042,-0.0000000000522982612077838,-0.000000000018665052359603806,0.0000000000022560798715320907,0.0000000000003210162170808051,0.0000000000005616253989648712,0.000000000000718709813884999,-0.00000000000016816604532510215,0.0000000000002073029248261804,0.0000000000002862189651953173,0.0000000000002300564252988302,0.000000000000043526814097472055,0.00000000000017658314047097612,0.00000000000011419988218963617,0.00000000000006391068230193753,-0.00000000000013037921436920286,-0.0000000000003194124652272645,0.00000000000021360452469310065,0.00000000000012668750597188971,0.00000000000004300119288425108,-0.00000000000013487648498067273,-0.00000000000006130512764102036,-0.0000000000000532768273941997,-0.00000000000002130478952977466,0.000000000000041473768863653504,0.000000000000031255163387977625,0.00000000000000423792945181134,-0.000000000000003658531810835086,0.000000000000010722325805012645,-0.00000000000010851389231625319,-0.00000000000010895364471741331,-0.00000000000006527200654971033,0.000000000000024341639814906557,0.00000000000001795395429549096,-0.000000000000000045102810375396984,-0.000000000000010239638997822098,-0.000000000000010002198722047773,0.0000000000000022187113257743363,"cluster_1"
26,"Robbaniyah Umdatun Ni'mah","Cerme, Gresik",-24879.78568192084,-3270.0232999601953,-62.427110048053976,-33.33456148408743,35.77558723278405,-0.14765128448984532,-6.226153930102237,-12.380441307450003,7.214609826615525,22.468169259492736,2.786689701582821,10.68782531169605,7.13320932214661,2.546995785795717,17.63284117232865,-8.13526465960182,1.1401298826640298,-1.0645252175295412,-0.2319778538711976,-0.7028914254832749,-1.2552057534776924,-1.4994120689998993,2.9263427931341384,3.894507877295301,0.761299530787827,2.832679330844219,-0.12104310166062125,0.5953038483824076,-0.19668813213364542,-0.7466568157416154,0.2690282518424707,0.8609201175436695,0.28500632019649236,-0.2413188957368361,0.03612678470447907,-0.10489298778352577,-0.0000000003055617693549159,0.000000000009159152603022136,-0.000000000011915189104469426,0.0000000000011599150459562502,0.00000000000024257223833756836,0.0000000000002858468670097203,-0.000000000000014324479102878485,-0.000000000000029700200632198914,0.00000000000007740769830677507,0.00000000000014639591622289672,0.00000000000019379896992743895,-0.00000000000009051353416777985,0.00000000000012842938518220492,0.00000000000014901318026727672,0.00000000000011049798229190166,0.00000000000003279841676029349,-0.0000000000002586507397150939,0.00000000000011400223213359206,0.00000000000004286740233616637,-0.000000000000023586167741118658,-0.00000000000008759659664292485,-0.0000000000000837854091662038,-0.00000000000010740280192989005,0.000000000000011450963875031528,0.00000000000006243443262388126,-0.00000000000009407622250656722,-0.00000000000006177870714996203,0.0000000000000021111584702637742,0.00000000000005265059221937207,-0.00000000000002393224507457603,-0.00000000000007835138787770646,-0.00000000000005160498764422705,-0.00000000000003308811558078162,0.000000000000033492306150684215,-0.000000000000011022432966356632,0.000000000000003779962454153463,-0.0000000000000070515967197370966,0.000000000000002204833537966522,"cluster_0"
27,"Rachelia Andini Tendean","Tikala, Manado",31597.748466675304,352.6748207482783,-237.1521339897268,118.27723867137551,32.21315164958108,-8.218683454599912,24.307883665423756,10.58784242274144,43.610086911155115,-15.526825640582611,-16.317003355097174,9.697733883465512,18.592057651172553,-6.1624907373291835,-8.411027518069007,1.2069519523135075,-5.77769044356926,-2.486432772555932,-4.258321717020119,-1.5120859571740304,-0.9990436049323763,0.9558483990455121,2.0747544195577166,0.8215258540803628,0.021156903230809748,-0.4719673160477168,-1.3281186211486706,-1.2124594184045765,0.4878527110163541,-0.34380320806858333,0.5297748757862223,-0.05679854871066335,-0.09905419260921498,-0.4047664414277575,0.18881228244122383,0.001429248850066285,-0.00000000018152443415596353,-0.000000000031617303393460805,-0.000000000011093671554301965,0.0000000000015257270273572043,-0.000000000000006204672192700045,0.00000000000043993541448683615,0.00000000000022112997197232254,0.0000000000000683559112091281,-0.00000000000007191382905835653,0.0000000000003758408514964451,-0.00000000000008052065958441545,-0.0000000000001539142077677802,0.00000000000028263892962177017,0.00000000000019208593049491185,0.0000000000002666066152567925,-0.00000000000020619964069545915,-0.0000000000000007827939685345342,0.00000000000011604486902655475,0.00000000000008841755452793087,0.000000000000041783417004115364,-0.00000000000009925220367801302,-0.00000000000012010531458273022,0.0000000000000956110191019377,0.0000000000001193966800427937,0.00000000000005289692295296078,0.000000000000012099045723634738,-0.000000000000008343152557710454,-0.000000000000007762887554996212,-0.000000000000025096244526956468,-0.000000000000027196994656364382,-0.000000000000005925815393936773,0.000000000000016491148724373517,0.000000000000013215123439991316,-0.000000000000004542373421845269,-0.000000000000011983469772047783,0.0000000000000007899497028729385,0.000000000000004671501900588293,0.000000000000016188439477815564,"cluster_1"
28,"Nurhabibatul Umah","Kerek, Tuban",-10514.032165636661,-1241.721207095868,86.72027178934901,-37.892249643098296,-33.00326408628781,42.601968221179185,-15.471368316699957,-10.76457912426411,14.998841358648159,5.900575896435958,-19.188621547023725,7.510183730711476,4.701710785295931,5.256398434775953,-1.1411807583901674,8.06731081091637,6.963942769008572,3.6391611646519104,-0.03827755210812141,6.979587863494218,-2.810102458378064,-0.24637094460146153,-0.5429129683263048,1.0443433577487233,-0.571300940415091,-0.5212865323210374,-0.4092875451755168,2.056262106986011,0.7484198907573484,-1.0129681268592496,0.4571661839472127,-0.154530008247852,-0.3082412614885426,0.3525495123118925,0.07476623382976497,0.36848504748099115,0.0000000001496878450184258,-0.00000000016631671994477015,-0.00000000000344123015673381,0.00000000000007592841286263585,-0.0000000000007514269154823561,0.00000000000015133987812943062,-0.00000000000024483800403762856,0.00000000000041881450564551503,-0.0000000000006681226752403013,0.0000000000004778451939690953,-0.0000000000001617143918775099,-0.0000000000002404361432173374,0.00000000000017977633270938043,-0.0000000000002336017664028578,-0.00000000000002253969580423565,-0.00000000000031632248903568083,0.0000000000004421081556404971,-0.00000000000018920791582804908,-0.000000000000013243963217779431,0.00000000000014425440009180335,0.00000000000020314305793078802,0.0000000000002640509338958097,0.00000000000005544349701569473,-0.00000000000008131668081945431,0.00000000000003243932900076629,-0.0000000000000007034303695085953,0.00000000000010830138869044603,-0.000000000000026570759481536754,-0.00000000000008700505593761676,-0.000000000000021023113805362925,-0.00000000000001968997881407475,0.00000000000007177418381854039,0.00000000000008205588986065493,-0.00000000000002372277721485183,-0.0000000000000009679756995950584,0.000000000000006648761402550107,0.000000000000025074750218886943,0.0000000000000325434124093249,"cluster_0"
29,"Fahdimas akmal","Kwanyar, Bangkalan",-8441.675692060971,-1100.7930305265857,120.56982708066236,-7.327158763919637,-33.43827219192237,-21.642706324790346,10.40693677067254,26.16314912355706,3.44917271268181,-16.108749987551686,-20.985685561259977,1.829973678142976,8.288892952590631,-7.800816142217734,-1.3585044531243622,0.4669033556094033,4.5014301035629325,8.143485248360943,1.1533356742396526,-2.004546687242042,7.240737509478693,-0.2179337985930016,0.5953104649141604,-3.2763951168705368,-1.6639068985407512,1.8695734345095467,2.5346300406407165,0.8944188363256497,-0.5375198864613919,0.043328203606646576,0.2518623732518509,0.6287304886529632,-0.25344636253338165,0.05710750267668086,-0.004004403082971396,-0.11738621231066865,0.00000000000045443163121383634,0.00000000011339018092526576,0.00000000000026652811901950457,0.000000000004006280550361563,-0.000000000000028913286695408935,0.0000000000002853533381808049,-0.0000000000005074187597875479,-0.00000000000021703906033510023,0.0000000000000892836152233123,-0.00000000000015436783795674813,0.0000000000005257582563755747,0.0000000000002448891783801699,-0.00000000000014442570403505606,-0.0000000000003772464111928553,-0.0000000000002510496151242325,0.00000000000018483044955663885,-0.00000000000014363553749174862,-0.00000000000006256572950696926,0.00000000000010444596576508758,0.00000000000010356125679233941,0.00000000000002897335149576463,0.00000000000011287498713485888,-0.00000000000009137916118229228,-0.00000000000007124601473021408,-0.00000000000006846433142637665,0.00000000000009602496749139267,0.00000000000007050696831933934,-0.000000000000025418903093488154,0.00000000000000005204170427930421,-0.00000000000005414071968523615,-0.00000000000005324560237163212,-0.000000000000051451464616603104,0.000000000000003524958103184872,0.000000000000004959140736948697,0.000000000000004721917301608869,-0.00000000000000215561075933568,-0.0000000000000245739843404702,0.00000000000000394996535479919,"cluster_0"
30,"Muhammad izzul Millah Aqil","Wonokromo, Surabaya",-8751.504850727202,-2967.5063952629166,-469.04809500232955,35.292163836618315,63.59558868751376,-45.71503083262888,-69.55844927052027,-2.4464721513717236,7.470783829363994,7.916395524923315,-3.169359756857911,-30.083623794395155,-8.30590687947715,8.174675563485156,-9.237026020658433,2.299755915648458,3.7302184039328794,3.0657148271988564,0.617792867883174,-2.588816821210844,0.6047287599792156,0.17009947727366165,1.1998475226251597,-0.029867517287072813,-1.0949591970496626,-0.33243518694177066,-0.6337648438464034,1.0929223653122722,0.5025208752191832,0.09418632857375535,-0.32717957266886066,0.3182829635854916,-0.09109236787113133,-0.12948930995763797,0.14672047689296625,0.002193682844115229,-0.00000000007515747399433614,0.00000000002081010364030078,-0.0000000000047299525407495935,0.0000000000017316426070834723,-0.000000000000017839896226945484,0.00000000000007188694084447889,-0.0000000000003276545701424993,0.00000000000014895029654127256,-0.000000000000051431081615760377,0.00000000000006253331186201194,0.00000000000004549138843401579,0.000000000000016264767310758543,0.00000000000008093525849517391,-0.000000000000022995494397548555,0.000000000000007077671781985373,0.000000000000027172708527700706,0.000000000000056066262743570405,0.00000000000003243585955381434,0.00000000000002295386103412511,-0.00000000000004324318680914985,0.00000000000005512257317263902,-0.000000000000015987211554602254,-0.000000000000048405723873656825,-0.000000000000021782489006971772,-0.0000000000000006661338147750939,-0.00000000000006687705944585787,-0.000000000000012476131239225197,-0.000000000000003941291737419306,0.000000000000018485213360008856,0.000000000000002942091015256665,-0.00000000000001709743457922741,-0.000000000000012184697695261093,-0.000000000000008881784197001252,0.000000000000008645861804268407,-0.0000000000000005551115123125783,0.000000000000007618905506490137,-0.0000000000000029932653577979806,-0.0000000000000030531133177191805,"cluster_0"
31,"Riska Nana Nuril Fadilah","Asemrowo, Surabaya",-15140.744016038469,-2933.2904668021597,-95.33785925633154,-42.96205623630941,57.3688386052677,-5.225505221688762,36.70456003447532,12.841054845522162,0.7116977951209595,41.17828706107055,6.4783473644351375,-0.005777467346981085,-8.744413948323775,-4.726319878095428,-6.310828179931095,6.073357473587301,-11.771125139157556,0.7437543625453548,-0.4611989610306183,4.431709772755115,2.2239760419235624,-3.622307318923739,0.9550352134118094,0.6696993139758763,-1.704123742620324,0.151910021226557,0.5466520183968288,1.6491488969381738,-0.49637655824179555,0.35566363472855456,0.8443309982711683,-0.44309723300350234,-0.1128816710581083,0.020600864387861975,-0.08212491806933163,-0.11160411904198143,-0.00000000000013296113342275984,0.0000000000035944676055055247,0.000000000002371722393132436,0.0000000000004471115318260832,-0.00000000000010052028653895206,0.0000000000003704979031904365,0.00000000000021959734378129703,-0.00000000000001864502476023322,0.0000000000002961658696065683,-0.00000000000026695659571807084,0.0000000000003287934161044781,0.00000000000025711984624754436,-0.00000000000018792129310996053,-0.00000000000006287071557808943,-0.0000000000001877217999102232,0.00000000000007628793430303205,-0.00000000000022264091611989834,0.00000000000015532985054439452,-0.000000000000014390398594965603,-0.00000000000008192925504690862,-0.00000000000002470419702138571,0.00000000000010351268453501206,-0.000000000000016339360420225546,-0.00000000000015270769403771117,-0.000000000000021989354781482007,0.000000000000011313432829451742,0.000000000000008656703825993262,-0.00000000000001416922135177856,0.000000000000012325210296815214,-0.00000000000006401650043397211,-0.00000000000008453480970782579,-0.00000000000004248988313970692,0.000000000000012830014828324465,0.000000000000014402975340166435,-0.000000000000006449701883681769,-0.00000000000000744738472280293,0.000000000000008959440177605527,-0.0000000000000010946105133413653,"cluster_0"
32,"Alifah Sayyidaturrhohma","Kota Sumenep, Sumenep",3480.302052940554,-1690.1429626424956,-50.686239381010424,21.37859665179098,5.790128880799499,-31.720759385468025,19.50775869172725,-35.90803879871334,-30.12490933053602,-22.199975345670218,-15.5811816726117,1.904651528870323,-3.6842286720366766,-0.9928944670446379,-0.4070449526368502,-12.469437366928794,-7.260503751723226,5.6860169933168905,-1.880547338329688,9.117010877473264,-3.126139462805187,1.6913272426064814,-1.2873758397904291,-0.37520759319207,0.44384913841033935,0.5164553854537742,-0.7095001343935202,0.9190336080806968,0.00845150831602132,0.7206370685251465,-0.24853497873976083,0.1594187407370435,0.0012912440601335175,0.04732072125344534,0.3676252862234491,-0.0646618761605606,-0.00000000004691313797936664,0.000000000024004697535273678,0.0000000000008589420407573156,0.000000000002432957047632245,-0.0000000000003814184211525795,0.00000000000031965576019477027,-0.0000000000003850678456651657,0.00000000000020593075855668275,0.00000000000015306332590281357,-0.000000000000314815014335057,0.00000000000012848576369517417,0.0000000000001494334170293321,-0.0000000000002121571147928325,-0.0000000000001498675315791953,-0.00000000000028700913173862475,0.000000000000018332557694122897,0.00000000000012625794507115096,-0.00000000000006738641762649156,0.00000000000002616505102859268,-0.00000000000018840658200236504,0.00000000000014360214406483607,-0.00000000000015048726154098802,-0.00000000000004475586568020162,-0.00000000000003699833137343206,0.00000000000005903784405791868,-0.0000000000001542659229525345,-0.00000000000005344813133745241,0.0000000000000033965885659625883,0.00000000000002987540770327257,0.000000000000016981208106336965,-0.0000000000000025066754227864863,0.000000000000003234825601827751,-0.0000000000000035318969970887792,0.000000000000007108896804552955,0.00000000000000843769498715119,-0.000000000000005619853540861364,0.000000000000005280091685058719,-0.000000000000011723261250651262,"cluster_0"
33,"Lailatul Hasanah","Socah, Bangkalan",-6868.947467159153,-2145.6907723844547,50.90301357775372,14.884244754215153,6.6049587988999665,-29.750575192035488,24.899931935849065,-0.33022397420357674,3.8986565829905913,-14.975883255379639,14.305163546528142,-18.776427508595106,4.402840848081147,-5.004458573971376,2.640965279372617,0.6793229434740978,-0.10082147937704532,-1.3448587162071113,6.052123776569634,0.7877580207462208,-5.895509220292211,1.334761503755919,-4.102342687930106,-0.38005990439539294,-3.417993502788738,-1.8591043868868466,-1.3545569701414666,-0.2889731761677133,-1.228589861680175,-0.3506515633431314,0.48553734974185675,0.6315593951905593,-0.23194658803833265,0.018392488775228987,-0.38005174084714693,0.09397110106838262,0.00000000022472526498094197,0.00000000019560221758280205,0.00000000001108592991710955,0.000000000004978467291194555,-0.0000000000003300437180497884,0.00000000000030730973321624333,-0.00000000000127967124743944,0.00000000000001701958886324295,-0.00000000000015900128436108218,-0.00000000000038338169444651626,0.0000000000007329900575392401,0.00000000000022356855949867693,-0.00000000000021266191932434175,-0.0000000000003476858558004725,-0.00000000000018494537498692232,0.00000000000024420916677758697,-0.00000000000008791795416684955,-0.00000000000004067959077230787,0.00000000000008059308428953749,-0.00000000000001265394039551282,0.000000000000017421827869235074,-0.000000000000017251824968589347,0.000000000000013935033682521691,0.00000000000016127230844167895,0.000000000000002095545958979983,0.000000000000011869845384371303,0.00000000000001724098294686449,-0.000000000000039458020184568454,0.00000000000003571275219993453,-0.000000000000023940918691955915,-0.000000000000027732156848703227,-0.00000000000004178168228063939,-0.000000000000040436404225019373,0.000000000000013700412332395828,0.000000000000011449174941446927,0.00000000000000030010716134398763,-0.000000000000014097284537634147,0.000000000000007523495715311412,"cluster_0"
34,"Magdalena Jovita Hatuopar","Pilangkenceng, Madiun",21455.59103492489,-262.02302537162586,-170.38409088268133,120.15387369436931,14.295497824347313,-11.70739105801392,13.939270642536977,7.71061043000728,-31.006982762435282,33.50811624303748,0.6190377978164111,7.137837181840182,20.590722317553965,15.044729493609433,13.018348398263045,-0.40658195308670686,1.0157263579952214,2.9260748886964976,2.8415212637573655,-1.4912989425731562,2.67128830162366,3.4780739590461334,-1.3535243939335089,-0.6063773600418301,-0.4380876078245057,-2.411894352131825,0.2182365551740887,-0.28242194563155293,0.1956214968387205,0.5382385090366525,-0.16483689195815363,-0.24655880963264795,-0.24610859112509334,0.11230944764237907,-0.0007621277864663777,0.07235836933405841,0.0000000001513771300150346,0.00000000002276955707314343,0.0000000000060672942364670135,0.00000000000031761659274875953,-0.000000000000046890442917391084,-0.00000000000013535093185135239,-0.0000000000002512746954952405,0.000000000000022517361239482447,-0.000000000000056789642433052734,-0.0000000000001081469983010841,-0.000000000000024480417692984702,0.00000000000009641332870957697,-0.00000000000005640453382138588,-0.00000000000008631550335591598,-0.0000000000001542351316108359,-0.000000000000026789334639509832,0.00000000000014749789931101098,-0.000000000000043217165957010195,0.000000000000016004992470231016,0.000000000000025623600463653418,0.00000000000008909366300269284,0.000000000000045775883084075986,0.000000000000047894847809981655,0.000000000000012313568675988151,-0.00000000000001086110368309079,0.000000000000035284275501368256,0.000000000000048093039967112006,-0.00000000000002859865122495364,-0.000000000000026501370542497682,0.00000000000001120804837828615,0.00000000000004924012586560167,0.000000000000021757769197439103,0.000000000000013326145742453832,-0.000000000000014151440436149798,0.000000000000013149203947904198,-0.000000000000009590852417806772,-0.0000000000000002486346632052383,-0.0000000000000010928757898653885,"cluster_1"
35,"Mohammad Aziz Huzaini","Tanah Merah, Bangkalan",-9405.512549998195,-2100.6824514385353,54.876414065172625,-47.005008537265,49.648212694028715,-0.5575536736968288,66.25534528844668,15.070018225419231,-17.096011730167994,19.095028343188766,-21.821433247788068,10.290211129046869,-16.457112903867003,2.5674118891175834,-6.496537450769336,2.509689482139602,7.186931914065624,-0.0642383280479573,1.4952844944763235,-3.0007756617182793,-2.313491886745896,-1.9992792342638401,-0.876827400167815,-1.7340765478108149,1.5327977943999145,-0.0539754766144562,-1.288648193576164,-1.8110616163329372,0.42761392515732105,-0.3034477872573306,-0.7793495705058884,0.42383409929219684,-0.13953255110862858,-0.12623324030589048,0.01860240204722505,0.07360885092657941,-0.00000000006366458369603395,-0.000000000011679095190952893,-0.000000000009245101646043752,0.0000000000004265806458070287,0.00000000000005741652812918385,-0.0000000000001539879335155092,0.00000000000007903573628897931,-0.000000000000010168298494872552,-0.00000000000018642466043106154,0.00000000000036879787418397925,-0.000000000000277789943825546,-0.0000000000002479856597847885,0.00000000000020135889483574587,0.00000000000010100253966527362,0.00000000000018462965531429454,-0.00000000000007970273746549239,0.00000000000013244483634822224,-0.00000000000007303218359927532,0.00000000000002524044341589704,0.00000000000012225723905467945,-0.0000000000000572562830480905,-0.00000000000004120315200140112,0.000000000000012150870587479545,0.00000000000009444169350638493,-0.000000000000000296637714392034,0.000000000000030029364411765513,0.000000000000008867472728324444,0.000000000000004904063266586434,-0.00000000000001812439087700568,0.000000000000024695523404005826,0.00000000000004994529095858624,0.00000000000003367054898784083,0.00000000000000043021142204224816,-0.000000000000018540724511240114,0.0000000000000012212453270876722,0.000000000000008288508768217184,-0.000000000000013864045545278203,0.000000000000008298917109073045,"cluster_0"
36,"Alghifari Amar Mukhasyafah","Sidoarjo, Wonoayu",3225.210501426381,-1934.194352359359,-161.14549869470247,-43.2568395903625,89.22026715280404,102.14195456212931,-22.09372105751171,55.22275492595937,-28.749780601258898,-27.798455455763722,-1.2725321616771712,-9.198217822850596,0.7308610622941629,-4.457873129454248,6.7839760922953385,-0.977038992650909,-3.1668438393002787,1.1181616086762247,-1.2659983737768705,1.555074682285194,-0.08650606267050967,0.7191740542118575,-1.8583411843047168,-0.05583715965720871,0.2795269620265975,0.06470640605240871,-0.056995638060876784,-0.17186717814097202,0.0693110740503733,-0.17373492948722635,-0.04151988589568399,-0.0690502504799816,0.12510644502459592,0.005817165780125618,-0.012059760387526944,-0.013989420130335458,-0.000000000020009599771379782,-0.000000000026066449346218157,-0.0000000000004610086184325679,-0.0000000000015905705572083484,0.00000000000005075714154534339,-0.000000000000018833892778680195,0.0000000000002673122140306461,-0.000000000000004522640942306033,0.0000000000000361785254532343,-0.000000000000022730949067462092,-0.00000000000016775296429738518,-0.000000000000055757481964846534,-0.000000000000020036056147532122,0.00000000000005995984958540035,0.00000000000002490022077417109,-0.000000000000021447253695239255,-0.000000000000011008121497679824,0.00000000000000015200514458246772,-0.00000000000002793230056974405,-0.00000000000000541667405373758,-0.00000000000003356169508972329,-0.00000000000000683481049534862,0.000000000000006338679581219253,0.0000000000000040667339287758786,0.000000000000016067008834497187,-0.000000000000011504902933112682,-0.000000000000012544219135657286,0.000000000000010493342306183706,-0.000000000000003665470704738993,0.000000000000008075137780672037,0.000000000000013712121715858672,0.000000000000010245276849119023,-0.000000000000003760880495917718,0.0000000000000020773313624822265,-0.000000000000003552713678800501,-0.0000000000000004996003610813204,0.000000000000003847969035422616,0.0000000000000007667477763817487,"cluster_0"
37,"Kurnia Maulinda Sari","Labang, Bangkalan",-13488.814750818821,-2179.8605130338947,785.4538589361358,-71.22305174472338,45.02794728036496,-22.772547953171788,-29.981931169927112,8.85094890011664,-11.79421148881676,10.663223223160307,1.7898968224918756,-3.7465436804347654,11.980710565422187,1.940609059957275,-8.507754131207397,-4.286188350660612,5.569347835458986,-2.4118436823927123,-2.4231714438690086,-0.061693903128671866,-1.393806544277583,0.47776108903997533,-1.6066030638887256,-1.0676431704694123,0.32528651171775735,-1.6532952379414558,0.024717820046139236,-0.3539355015970137,0.41849966792958526,0.3120583020074876,0.8008179963406704,-0.10909921092842521,0.35335642251182764,-0.17729087665672255,0.23163128885654385,-0.14407486388097712,-0.0000000003394148249133769,-0.00000000009434442203165583,-0.000000000017565719061599094,-0.00000000000043071362448854345,-0.00000000000010831244755260538,0.0000000000003625277161800611,0.0000000000011477138683879673,0.00000000000009317741890557674,0.0000000000001890302150919787,0.0000000000003149130262114497,-0.00000000000024225239869668513,-0.00000000000022031248353426847,0.00000000000025154834812357585,0.00000000000035056246100451105,0.00000000000027616450792855574,-0.00000000000014498818812214154,-0.0000000000002277440389053531,0.0000000000001399465395998667,0.00000000000007210594968332096,-0.00000000000003105935647562674,-0.00000000000013447055968729416,-0.0000000000002798681425497662,0.00000000000005691020571463312,0.00000000000017794331275394065,0.00000000000008859406264161152,-0.00000000000006505061246608879,-0.00000000000007255480938272996,0.0000000000000006453171330633722,0.000000000000009277301149523964,0.0000000000000033740371607748898,-0.000000000000005009881398621019,0.00000000000001688362991081327,0.000000000000010241807402167069,-0.000000000000000030357660829594124,-0.000000000000016053131046689373,-0.0000000000000013363875978056328,0.000000000000012067387020198161,0.0000000000000013357370765021415,"cluster_0"
38,"Deo Candra Saputra","Widodaren, Ngawi",25254.53276995887,734.7629158637769,-69.15998164333199,129.63412338412337,-66.85949329122829,17.118289492619436,-4.870676519964722,17.72483336098671,-0.2573277460216334,22.40720939845899,10.938329720100995,-4.231908867408855,-1.2090617948452882,-1.2487941144843884,-9.010807451188388,-7.725675053145962,5.5346584908160175,0.34491987419676395,-2.6111238455318215,6.090533226478663,0.8251087093462334,0.563491342147936,-2.522210994657038,-0.6582670245282621,-0.18020657507069565,1.701462744100763,-1.5234587587159272,-0.29225555083196936,0.4559959029964035,-0.7490214497779788,-0.21215233402606842,0.0015972329907388526,0.16508713145561182,0.14010638841966738,-0.3298055157898651,-0.42284017998532925,-0.0000000005360574844258392,-0.00000000026106447819501666,-0.00000000004014560819193269,-0.000000000007629849876900074,0.0000000000009125439119628265,-0.0000000000006608654595785524,0.000000000003425922306260487,-0.0000000000004881986741950284,0.0000000000004978439535618939,0.000000000000547580210341625,-0.0000000000009102475717615022,-0.000000000000522967953664466,0.00000000000017275156999341235,0.0000000000004992018083627148,0.0000000000005268129682489686,0.0000000000001501966953587619,-0.0000000000007417569163059579,0.0000000000004102679567602463,-0.00000000000022376371588972432,0.00000000000010150214002635494,-0.0000000000003463548892135293,0.0000000000001455450343579301,-0.00000000000011581968023532951,-0.00000000000015549788832860262,-0.00000000000017227018422882878,0.00000000000013408957104388275,-0.000000000000028272523211470002,0.0000000000000726189941513411,-0.000000000000049361556508920046,-0.00000000000004203581926986999,-0.000000000000043157317997088995,0.0000000000000056994339803218,0.000000000000042511133502287635,-0.000000000000016615181452905858,-0.000000000000026229018956769323,0.000000000000017432453050525432,-0.000000000000008187488230795847,0.000000000000007598088824778415,"cluster_1"
39,"Rifqi Fairurrafi","Bangkalan, Bangkalan",-8048.336404434972,-2384.7298011615176,-69.48740965131408,-9.487394739808114,39.89115506069898,13.22888362025795,23.126899260879263,-6.555176518801528,43.308442915320086,-1.9973981210563152,1.57942722998808,1.6090508687319949,-4.7927320153180135,-8.041690856645872,1.0010597731760087,-16.081403630576688,5.3298702010201975,-3.6602092825230796,7.008515041972076,-1.6270216530405015,1.7565470885067516,2.4962534394235227,-0.4796839291771228,-1.241105968900716,1.7238866818344227,-2.312582079384447,1.1322186720220944,2.4437999741679173,0.023868025767314296,-0.13882422407830614,-0.44137332902583,-0.5281012533164531,0.13178646096470648,0.09413596194804931,-0.013683704491376182,-0.01466275541425098,-0.00000000015221192784919263,-0.00000000021265513308610373,-0.000000000010975173244179293,-0.000000000006048876243641699,0.0000000000004992646920887189,-0.0000000000006307298433538833,0.000000000001260980035666659,-0.00000000000003353372267367316,-0.0000000000000772116745539897,0.0000000000005216903298244091,-0.0000000000007204783644687573,-0.00000000000028969535104117483,0.00000000000034584357946898514,0.0000000000004389297085516386,0.0000000000003008587302899546,-0.0000000000001953584863323421,0.000000000000055637786045004134,0.00000000000005803951069749402,-0.00000000000007301733002951227,0.00000000000008347576102574195,-0.00000000000003348536725678031,0.00000000000013681937527376675,-0.0000000000000606138403358436,-0.00000000000015457328071590698,-0.00000000000006778431982379374,0.0000000000000381157778950314,0.00000000000003514419658068313,0.000000000000029455604622086184,-0.000000000000028138949503819788,0.0000000000000258942173259058,0.000000000000007015221736850208,0.000000000000022988989184513642,0.0000000000000354230533794464,-0.000000000000008837982429232838,-0.000000000000006088879400678593,0.0000000000000021100742680912887,0.0000000000000017207643730060562,-0.0000000000000011362438767648086,"cluster_0"
40,"Fathan Ruhul Alam","Warudoyong, Kota Sukabumi",314.2817184704502,-1729.4615758121854,-25.587785161779024,-22.372944163705064,39.84002867949836,45.2430109614756,34.997188785028655,-45.01233937935514,-1.2509479556834402,-12.085680419549654,37.7406011454019,3.921265815959814,7.325710579356755,-1.584612904399762,-9.228940496150964,3.3359842587341295,6.70765969455145,6.532169347600702,-3.935166684361008,-4.415805354881218,3.1968464108546164,0.1976798718372189,-1.612827209671091,1.6818199607726219,-0.9051286281578771,1.4390474620380398,-0.8428805488156818,0.14183926325159774,0.19505747037908902,0.4462588837057189,-0.09100348133261964,0.07090653186749821,0.015777003331942062,0.12027034453054497,0.08570808972649867,0.07518728850346106,0.0000000004075536556456469,0.00000000022191145015310054,0.00000000002968067805420027,0.0000000000037146310333247,-0.0000000000004853736770144002,0.0000000000004258485925001665,-0.0000000000019144338891941004,0.00000000000011198138770429633,0.00000000000018480269398102322,-0.0000000000008379833285609983,0.0000000000006613676620248476,0.000000000000491033429195209,-0.0000000000005132335528790222,-0.0000000000004163730991935122,-0.0000000000004050414517675627,0.0000000000002568388210444361,0.0000000000002440443680473692,-0.0000000000002183286103990545,0.000000000000015919123658170165,-0.0000000000002552688962986771,0.0000000000001706985247595938,-0.00000000000017756456027751,0.000000000000042353273665973745,0.00000000000005258281603106457,0.00000000000003942159099157294,-0.00000000000009688192088852521,-0.00000000000003350011240632611,-0.000000000000023920102010244193,0.00000000000005454664497861472,0.0000000000000658726545532673,0.00000000000005471491315578447,-0.000000000000006121839146722152,-0.00000000000005588585150206882,0.000000000000016760464544018916,0.00000000000001520658599041269,0.000000000000001124100812432971,0.000000000000002882243055335465,-0.000000000000009629450015147256,"cluster_0"
41,"Laila Maghfiroh","Kamal, Bangkalan",-20414.769038423994,-3087.446980606141,86.31736520268261,-19.019454269373238,-33.586721520757244,-11.92245430260861,1.5398733831431417,29.20912237619932,12.821451976710996,-9.402246039602863,2.605913028435962,0.7321591933388645,0.9337547119361729,12.852940985478014,-0.6467817918369113,-4.400145840387572,-1.0288879673107638,-7.339696693339738,-8.751965777324905,-2.9170143146872887,-1.374088850589076,-1.101937377339118,-4.138979581056683,2.6462710271948584,0.9702226226494859,1.3987603283268497,0.18781988877937347,1.4046076847216304,-0.4685572316879597,0.6367619330887307,-0.5018039730223834,-0.11427062101664881,-0.8343830210942602,0.034358053424082755,-0.011918491324328262,-0.0037443319310456013,0.0000000004346538931727928,0.00000000022084309641429156,0.000000000022383597579611614,0.000000000005609301651637866,-0.00000000000020842702563861337,0.0000000000006619973666466272,-0.0000000000016033758522271402,0.000000000000023042548771834426,0.000000000000288187008978813,-0.0000000000008595962483481934,0.0000000000007473639762611839,0.0000000000007053038708626502,-0.0000000000004288540009222963,-0.0000000000003731038915322227,-0.00000000000043147516809449726,0.0000000000003235961845704516,0.000000000000038452747930239894,0.000000000000011060380042393625,0.00000000000004626702666821192,-0.00000000000022438734897933799,0.0000000000001478175221114597,0.00000000000001728825416158486,0.00000000000004579496504231173,-0.00000000000006887280459486056,-0.000000000000053736529115333553,0.00000000000000184444473583234,0.00000000000004421853508351781,-0.000000000000037551559084469943,0.00000000000003334658937870216,0.000000000000004021089017314239,0.0000000000000010755285551056204,-0.00000000000004324839097957778,-0.00000000000002220446049250313,0.000000000000004904930628324422,0.000000000000029150293290314266,0.0000000000000023780890451297054,-0.000000000000015949318688673886,-0.000000000000014651474478100113,"cluster_0"
42,"Dewi Geizya","Banyuajuh kamal, Bangkalan",-20978.358269456236,-2870.5632696967787,-27.203761950200214,-23.268250082203803,-12.698027215523005,-26.53823613506493,-19.981638540651595,-4.708032117970991,-0.6910390231532817,-3.5679927520437107,-13.226910293056294,6.049845857554763,4.955125135348587,-12.743530635354649,7.579425670043808,4.40269410509667,-3.234070102640592,-0.5563557859955331,3.048316871806542,-6.040770443511894,-1.0332730883816366,-1.4253172417799806,-1.775496188189318,-1.5376042471456501,0.7924953818268982,2.1077083766904594,-3.3336948052707283,0.6001497982114916,1.1709855439180397,0.8233592877348848,0.1538113325764901,-0.37830845544839137,0.19264002480697381,0.4086828593095074,-0.29374668529061654,-0.06374132601851408,0.0000000000072475244122099935,-0.00000000008136178016038276,-0.000000000003542052285157582,-0.000000000004693616155460045,0.00000000000030371061568446045,-0.0000000000002653901404192638,0.0000000000012262395959750094,-0.00000000000016654841568375378,0.000000000000251312859411712,-0.00000000000021504239361425093,-0.00000000000024495943468094694,-0.000000000000016138999858750225,-0.00000000000020119019297770713,0.0000000000000965009322451138,0.00000000000005760062565807189,0.0000000000001268082860939046,-0.00000000000021114533732546903,0.000000000000032745074013407205,-0.00000000000017186772838240216,-0.000000000000012174289354405232,-0.00000000000004615405280183893,0.0000000000000763365065603594,-0.000000000000004964778588245622,-0.00000000000010386411511669608,-0.00000000000005103903411018962,0.00000000000006331198586229103,0.0000000000000067242218737550985,0.000000000000018948384528094664,-0.000000000000014885662147356982,0.00000000000000658501031480796,0.00000000000001720065062604803,0.00000000000001767726590107266,0.00000000000001697253448895708,-0.000000000000016330253121976668,0.0000000000000046455894686658894,-0.000000000000005743018907655717,0.000000000000002043748200189488,-0.000000000000002570860191397628,"cluster_0"
43,"Fathul Aziz Saifuddin","Dukun, Gresik",-721.4376821425623,-1070.3342460399497,19.307498616568886,13.463182911526316,-21.082325303127462,35.48218006861591,4.186410511563305,0.830637830394407,19.886150307046293,6.24374213792205,0.24561524697621648,-6.847145346478765,2.693184442390221,-0.00966344411930251,4.6028390844662725,2.895364168322694,2.40759430385192,-2.8269953313841945,1.6404134394979246,-0.6087929863830939,-5.553127844420373,-2.532892899286101,4.320838714718429,-1.3726184207647008,-4.533231135921954,0.4377952218307434,0.7771467164575334,-1.3592606549649822,-0.3988288502355165,0.5329371659651245,-0.5978240997122845,-0.17154445833286674,0.04363714509291753,0.4767486174004666,0.5104395661601263,-0.26461937547919057,-0.00000000013164949306480184,-0.00000000009680982404614014,-0.000000000007426361175316698,0.00000000000008005835577806764,-0.0000000000006772085062861644,-0.0000000000004227521110955479,0.0000000000005543209120884018,0.0000000000003032936315289225,0.00000000000041704660558306017,-0.0000000000004916796136900103,-0.0000000000005814394105074783,-0.0000000000001285664283368071,-0.0000000000004216878582430361,-0.000000000000240243588911504,-0.0000000000004454969379508178,0.000000000000202994739073592,0.00000000000000501204980296599,-0.00000000000001140699947693724,-0.00000000000024993201952483446,-0.00000000000037353193454991995,0.0000000000001694946266672659,-0.0000000000001124100812432971,-0.00000000000009314337495736069,-0.00000000000022421466267831536,0.0000000000000432241048509141,-0.0000000000002812756538100869,-0.00000000000013972633813863489,0.00000000000007235531618299262,0.000000000000004066191827689636,0.00000000000009419201529858867,0.00000000000005871952230007693,0.00000000000005319746379517376,-0.000000000000007376044219853384,0.00000000000000947289122144035,0.000000000000004229255834431456,0.000000000000022469439503458588,0.00000000000002494689567769659,-0.000000000000027280261383211268,"cluster_0"
44,"Moh Rafie Nazar J","Kecamatan Bangkalan,Bangkalan",9547.137515483619,716.7169063254472,78.56265576728742,56.512738728662185,-68.75322789150576,-9.19601703045256,7.500968377132171,35.22573347677563,6.510765190055011,5.6684824241300245,0.6445937214158585,-6.556119599334013,-11.510889532232513,-10.276930856244542,2.4883614487588295,2.5116466455017123,4.956927362762497,5.538684086660513,4.306452964911831,-0.07109837480189082,-0.7792915102929213,1.9420875879398767,-1.262414578694459,6.67651617250267,0.4599916123388629,0.13762321714763412,0.18312462900048113,-0.35064844596274614,0.02270463869040562,0.9442128119024605,0.13762137117570056,-0.15044760768607884,0.35095183616216763,-0.2919352118268139,0.22163994208571228,0.18010454131036105,0.0000000004625954925108894,0.0000000003261429858819609,0.0000000000440828701667173,0.00000000000542498728231533,-0.0000000000005322218360470643,0.0000000000009826176330940406,-0.000000000003008259873843455,0.00000000000030121196335775036,0.0000000000001443168501369385,-0.00000000000101288248621767,0.0000000000010157890154016691,0.0000000000006525301132764838,-0.0000000000003156424774330979,-0.00000000000015802506872497624,-0.00000000000022127352033995962,0.00000000000008815864704914134,0.0000000000003672531029286219,-0.0000000000002067799056981734,0.0000000000001374586208746642,-0.0000000000004087268717922754,0.00000000000016472760655528162,-0.0000000000005053821944267511,0.00000000000018036700605295053,0.0000000000003005974917764942,0.0000000000002089717288100701,-0.00000000000027145234844649924,-0.00000000000013820845509715518,-0.00000000000003457650832316972,0.0000000000001274293170983043,0.00000000000007760632414477442,0.0000000000000430298158216047,-0.000000000000026661398783156542,-0.00000000000010164785679833699,0.00000000000003711874557721373,0.000000000000014488410471358293,-0.00000000000001732945384413931,0.000000000000014985137696682527,-0.00000000000003168992845914431,"cluster_0"
