"id","nama","daerah","PCA dimension 0","PCA dimension 1","PCA dimension 2","PCA dimension 3","PCA dimension 4","PCA dimension 5","PCA dimension 6","PCA dimension 7","PCA dimension 8","PCA dimension 9","PCA dimension 10","PCA dimension 11","PCA dimension 12","PCA dimension 13","PCA dimension 14","PCA dimension 15","PCA dimension 16","PCA dimension 17","PCA dimension 18","PCA dimension 19","PCA dimension 20","PCA dimension 21","PCA dimension 22","PCA dimension 23","PCA dimension 24","PCA dimension 25","PCA dimension 26","PCA dimension 27","PCA dimension 28","PCA dimension 29","PCA dimension 30","PCA dimension 31","PCA dimension 32","PCA dimension 33","PCA dimension 34","PCA dimension 35","PCA dimension 36","Cluster"
1,"Muhammad Ali Murtadho","Baron Nganjuk",-39942.391974135986,2341.374736143103,-79.4883582320367,-23.472143927331054,-11.024199977784951,-43.7372157721743,39.32867252305148,-2.5218269902119292,8.937829687398096,-3.625183739754018,-18.64656095749577,-2.3344825192613863,-5.0388179180033,-2.735680013323483,4.892639906616709,-8.920031475295827,-7.2327172916658995,4.615686524821589,2.1432214333958917,4.51018225395444,0.5405521025694568,3.533779524701135,0.2501632819566378,2.412232900037975,-1.1067283372613004,0.15254431325201084,2.04749850830024,-0.81026963783246,-0.029443144291997344,-0.7955095164024463,-0.2968877326816996,-0.14007232342431344,-0.15260532040630528,-0.35713971148788737,-0.08298012425265149,-0.05515996631450476,0.0000013846462919502318,"cluster_0"
2,"Ainur Raftuzzaki","Nunukan",25017.394809335816,-2842.4468576041536,655.6579425385227,682.1410199296641,-17.59444300746611,30.65501777704798,57.45199555934966,-33.709646276281596,-40.71099031223204,4.630840040985493,-17.561418321747716,7.471920834982612,-2.2555719454209537,5.182503131701277,5.2991944523916645,-6.187695427221502,4.1857786414568645,-1.246192417558464,1.0608854202458688,-4.835997307974545,-2.8278569599435723,0.5878407063269055,-0.8286783232359344,0.17426407125740115,0.46131663664038614,-1.6740974945479468,-0.1440423805474921,0.22736785887430883,0.9784265907619455,-0.010477172992449824,0.6784805188926272,-0.05271543273172786,0.04474528183492982,-0.06747640264100997,-0.04401457041663885,0.035935180008498775,-0.0000008449270191386318,"cluster_0"
4,"M. Hendrik Purwanto","Sreseh, Sampang",-40806.94227370273,654.8440730947725,-49.1003905476595,65.05269841478848,6.1771991011671314,-3.3455600841430444,-23.453880744324103,-7.6094457635702435,-29.08003296728678,2.266107503582462,9.371308313179652,15.870248923602716,-2.6560580800749305,2.4687093054804503,7.835778911592877,7.866936032105144,5.837072749170324,11.768165892195718,-2.321703573564175,-2.5158607832002193,-1.3600329273098983,1.4408031846038674,-2.1166644057953206,1.4385278199090281,-0.07925252914512809,1.898812913412436,0.17605796516886998,-0.08553945957104121,-0.4963067881586929,-0.8950453071188961,-0.3774242125172357,0.0033004263096263224,0.11086379048106505,0.13429730812198457,0.30794224227867983,-0.06175656970219443,0.0000017599020681554576,"cluster_0"
6,"Okan Syailendra wahyudi","Manyar, Gresik",-65482.29628559732,2628.881883539458,-345.5620975678704,99.50628517603037,-16.195709351306213,-21.774462531114537,-6.356315808434514,7.069375974230123,-3.430683709397913,-0.9064527264997704,5.73022840639855,-3.121572834329689,8.567380451021855,4.112989643708898,-1.6934291385687907,1.476489336462184,6.925582076116884,-6.358302314867441,-3.351880608088518,1.0404928971070608,-2.858159439545071,1.8453875724358755,3.4727890125844274,4.17498809085884,0.844334329084046,1.7395012343941267,1.1958838252581427,0.8403103373979111,-0.4509068973358503,0.5670687820759209,0.8996535417185944,0.15111169927421977,-0.4958707712236659,0.005557594181080789,-0.05013870905051361,-0.10136352255161386,0.0000006938512675518207,"cluster_0"
10,"Muhammad Zaidan Nabil Rafi","Kamal, Bangkalan",-74599.86977044678,-658.7225651822632,-455.0375508807884,-1795.730063232374,25.712422356421218,19.65025962825019,23.274101218313575,-17.04626537089665,-19.622907654734178,-10.565499438207162,-5.578478114576167,-2.318270703553451,-10.942131070906436,6.338116086258813,1.5012294772714465,-0.43122091421206,0.3756232313435471,-2.4462996510510195,-0.12341319845162319,-1.3875390259888865,-2.1340377803932014,0.20687879134310286,0.8744205622973373,-0.09625878713150167,0.0011866995589486003,-0.4859449522004132,-0.01241441764299172,0.2280840127768071,0.016091455743335824,0.04152971427525103,0.010937817929636285,0.08450449698612895,0.06683450838086856,0.031577182326309655,0.022469704107745722,0.01850087145845184,-0.00000029635946342436546,"cluster_0"
11,"Triswanti Jannatul Ma'wa","Kedungpring Lamongan",-44904.103062498296,1965.7225654786105,-96.23093240364004,12.897428314717954,-21.828186339183784,-34.1140577831725,11.715208212090158,-6.806423934554109,9.891232579703663,-24.9009710351792,6.707314855793308,5.666767791792628,10.631518859820556,7.310811143144436,1.8076027934321992,-6.077860296046511,-6.5989511494296735,2.5841923218991596,0.527740813550154,-3.871109988777875,2.4073871066363854,0.6099391960846904,-2.397651704078083,-2.253839634488698,-0.8786510909114499,0.2618849869885425,0.22207962988436836,-0.23043045819300492,-0.9796065848208808,1.0750067870184359,0.7303330265382133,-0.252662086764754,-0.22966340066276505,0.08181662089737023,0.41436631794180157,0.05633737060235242,-0.0000009180047089806432,"cluster_0"
12,"Ahmad Syahrul Farihin","Gresik Kota, Gresik",-50888.43226625789,2756.1138575984983,-184.33343356337411,82.16150655221396,11.636092352561446,27.773671338513537,-33.283527170971055,-4.17670979951999,-6.007098191905332,1.7835730293655956,-5.1123877014376875,1.3139743202849234,5.414962413700321,-1.8793474818516516,7.742062227444973,-0.998498136027961,7.304953104113693,-3.6525924194081036,0.56987039789703,1.8501504793140011,-0.9456226041264592,-5.745127089530265,1.9306845730237197,-1.2011322604289718,-2.3890446050594476,-0.8456548960133187,1.2745819238162541,-1.0177927838309206,-0.7557976601297607,0.2367901062361461,-0.19253874605092017,-0.9287225978506808,0.1370924021110954,-0.009967980635438972,-0.038883936576651804,-0.1002008303462666,0.000001411737968715066,"cluster_0"
13,"Rian Renaldy","Waru, Pamekasan",-20406.962552132783,1882.1309566650853,110.93438241832986,104.05372072553226,5.8567665168065455,13.978247176370763,-21.233482715542873,-0.34489086063079843,7.303465508509657,4.734929503402539,14.438326001349068,-10.046418394189427,-13.810630431236126,-8.900389247828327,8.847855628149393,7.950033139711767,-5.108044508963293,-5.999440067692109,-4.9367661487321,-2.536278673310183,1.8091273711332936,1.6460196630161705,-4.199712400583014,1.6167856029937215,0.0925741642917618,-2.345213198040413,0.5832649649481836,0.7430006369240942,-1.0032716300519686,0.1070148260112909,0.22548355945262977,0.12196633640669495,0.33308360655831426,-0.35138208872669363,-0.041107279547887475,-0.044059753443035754,0.0000007738569064502417,"cluster_0"
14,"Ahmad Dafi Zidni Alfarisi","Paciran, Lamongan",-33796.268581371456,1724.8316214182164,7.216805104865281,7.770783477559739,42.62977410191604,6.648882285300436,-17.635455769416485,-17.253557505341455,-9.35089565488521,12.508813219515972,-17.017940375803008,-16.857693078761883,8.677179163870994,-3.2995495521700424,-2.8094003258295976,-8.138451455924322,1.3345610144003552,-4.2688769723011335,1.8171327488619635,0.17694284822642367,1.725119876655814,-1.6227918389722666,-4.418752071928137,-3.2102539513905364,1.850867659782706,1.375341652568098,0.35609374116372733,1.3001335618024052,-1.1110977707745606,-0.6667717108154632,-0.3284489966389451,0.18471190507264434,-0.36866498504523515,0.06552136123404782,-0.07535819996804012,-0.08347205206132428,0.0000013535611355437335,"cluster_0"
15,"AHMAD MAULANA ISHAQ","Kertosono, Nganjuk",-35998.47336257008,2102.338589214788,-13.771462516863943,-29.38296255820151,46.804415642188246,29.264510750443204,-7.00143817993128,-5.739240957900248,-10.912857132339692,7.3135944975561795,-13.858418937099973,-0.8378711377814926,-2.198035263146938,-19.810043982921172,-18.93203918013275,2.934176206687593,-3.626511490143588,5.500148565046905,2.212686209716392,-1.4796772775394331,5.445604035326182,-0.3332620382306947,0.9948134641379945,3.30223973080794,-1.036076370027975,-1.0932337613975673,-0.2271204835544175,0.8620843930669033,-0.1437641341950434,-0.06857373192588136,0.3725566274580405,-0.4308925164921846,-0.12398289037206021,0.26592553582951256,0.03574875993687811,-0.0054735326965082275,-0.00000032947093625548923,"cluster_0"
16,"Rahardian Ananta","Jabon , Sidoarjo",335937.06923546566,5640.724789457307,2791.119696905671,-429.31538953550205,-196.59419311495495,-31.17197850224987,-38.95727383895191,-2.1236751010231667,-1.9102909733492686,2.6379889683357574,-11.329262778776911,4.6329844363845245,8.184621580005306,-9.134590611220748,0.3955842630563912,-0.32489827893305795,0.7337630799230793,-0.5223601607064027,-0.8168488483771578,-0.8421898820189723,0.38096736907274487,0.07802960482531573,0.3819080822695269,0.13174028319588726,0.19148153742708138,-0.14940057454959085,0.020337171433925046,-0.09669661772286194,0.06847163537161965,-0.01115757813932608,0.012458231774568588,0.00947982844798518,-0.002148268895163849,0.001725935612840958,-0.0024099164260889326,0.0007503764284395918,-0.000000012409254503490524,"cluster_1"
17,"Verdi Setyawan Ardiansyah Putra","Menganti, Gresik",-58443.33413802725,1753.9060360651545,-254.6624000919994,91.59174488882722,0.46608568981709075,-26.731266930395986,10.485984380525966,-0.8056332278520459,8.689025743163759,1.617153528488575,-5.256186140377059,-14.387288057901054,-3.428676005153047,-14.34707530089147,-13.774072751508719,-1.6602831305682337,10.034993611715237,-3.0667466921471744,-5.65964822188257,-1.952696797774105,-1.4615971160394152,2.7931512832434224,-0.408746400876574,-2.497797390480618,-2.4357342515188027,0.9943837642371419,0.09096803730094713,-0.7113886837826182,0.2182182965101108,-0.2770254685212926,0.09968297125935803,0.2871891134026013,0.37862865532031315,-0.15505341468796222,0.09932444205485079,0.13277959946033463,-0.0000016812922768004458,"cluster_0"
19,"A.Choiril Anwar El-Asfihani Risydan","Banyu Ajuh, Perumnas, Kamal",-57890.568486007105,2320.2981435914953,-252.03390391307985,71.80431334622773,-5.957915227081967,-20.049962663229657,-12.914693878972836,-7.123914596868867,-16.782076293229277,-14.255056642168688,9.379997490958592,7.528474777746422,-3.1767377786216335,-12.1132126467001,-1.1189406051719897,-5.6213460727937985,-2.8491170700059634,0.6966657299479574,5.482465631650358,-0.7290231432100589,0.9116821783393547,-1.405188810958985,0.8595953113723476,0.39021808239726297,0.392914844304703,2.3010964353788914,-1.3366657446735621,0.08716032876469394,0.09172375897218736,0.6916472001560817,0.10771495170043324,0.2476888218253986,0.8205111736530243,-0.2382981292334873,-0.2046244616958514,-0.16831258320679654,0.0000022264655499286103,"cluster_0"
20,"Muhammad Isa","Bandung - Jogoroto, Jombang",-38648.36889933665,2765.443187618638,-72.44943967665041,-35.588567086339054,-40.780449159009436,-38.10692271151626,37.82483885748583,-6.460485687681733,4.031073342031764,-2.2841681174194095,4.073125507501701,10.423452667077122,2.4512958373432214,14.439627236655605,-4.16159850232709,3.790613555922948,6.787783669558385,6.978751527284299,-3.48351497955922,5.424812426692823,6.533101126362904,-5.04967087965569,0.3049211010483661,-1.3359954573327344,0.357011396988315,-1.5040647891323964,0.47938570498157923,0.9320079571056917,0.046378213659641475,-0.009942808379903297,0.22020279612931934,0.48803556698071027,0.12066252080974536,-0.16574593300389384,-0.09524164520451363,-0.019532860221270827,0.00000021918746059831492,"cluster_0"
21,"Mochammad Zaenal Abidin","Widang, Tuban",-41318.33193060318,443.3338209292114,-48.63907194190242,22.671788711808528,26.902293974222093,-14.019467907378697,10.200853985060307,6.183773790719752,3.622146231821346,20.28369686374559,-27.681031314712726,-9.15993171614122,-6.225642253621979,2.079018731801164,3.584649947654135,-0.0015698352379890145,-3.181164086306816,0.049129388576428776,-6.2842456043797235,2.8300925233252383,1.3070890631616723,-1.844618759054477,-0.5037899727759371,1.344974124975032,2.2587530264098525,0.47407599641695447,-1.3614519243733905,-2.5239983006931466,-0.39262734379718134,0.26126025852192564,0.40391253386037573,-0.015626164013994595,0.24501132186760122,0.3001033976270731,0.027197338918995378,0.008127944395097527,-0.0000006058215712135716,"cluster_0"
22,"Alghifari Amar Mukhasyafah","Sidoarjo, Wonoayu",-39031.48798870844,2727.2517051332266,-31.024178587683462,-110.8689938430235,-123.73472278095755,23.919274052763946,62.53009302718357,75.69530392486865,-16.12873721145648,37.127795385315316,18.958704775738546,-2.63033055624549,-0.962042392282314,0.8828954651655574,-1.190730293391739,0.38379030504202544,-1.2774939990901493,-0.9142734303512917,3.6195802645858133,-0.3478753621185374,-0.3108576795909482,-0.6541900728867767,-1.3616455789351634,-0.6634255591696503,-0.5788856257732621,0.6525361768896498,-0.11201551475524803,0.02260362233380777,-0.2827623583676099,0.053026304628448095,-0.011668622408977645,-0.1295971544594352,-0.03849373149519747,0.0017441049495836433,0.015003809583742938,0.0005046002596268552,-0.000000019292060475417406,"cluster_0"
23,"M. Fatihul Umam","Kwanyar, Bangkalan",-53947.4410402181,2497.416066560872,-235.85399121563316,98.77310757231912,-23.772152747013507,-18.669924807914636,-12.352789461032206,-9.527126620471488,-14.522519533584623,1.902977037676762,8.142046094516772,6.181839525350246,-6.5415114234176714,-4.971001433019401,6.6744696101189644,-4.841010217361284,-4.971474931613978,-3.4226835230288897,-6.456489745609264,6.4710434439733,-0.26543696914356296,-0.9214224496576056,-2.2140831689280938,0.7311191002095053,-1.8422059396059454,0.8364264845656249,-1.0743411008866908,1.5083391764482998,1.4373237498554725,0.3793300224088863,-0.4870671283106219,-0.2092505562713224,-0.2088014043995492,0.25743813925570885,-0.04148602527853641,0.10117141421603006,-0.0000016685837190363141,"cluster_0"
25,"dedy Nurohim","sambeng, lamongan",-44529.37805862681,1057.7570640637307,-87.32999761734244,80.07278730586862,5.976247349625708,-60.75877476872473,19.485513632446043,9.996431494986302,24.92894936736225,-6.746840059856104,-11.161255515570243,0.14105546344151831,-7.045180808705825,2.8818076698300046,0.8457222722706281,5.953549905007094,-1.2593610952837353,-3.5509934242996595,-0.2414415464265064,-5.524589122345123,-1.1852769421082134,-2.976732584890265,2.331871832182945,-0.2581319133814694,1.142361936824344,0.5019508407902017,-1.737309587070965,1.138806636053228,0.42746144794240193,-0.7657540374052219,-0.1913807294604916,-0.8261252878504811,-0.10872950814544406,-0.2707831335559605,0.11598592761228012,-0.002616571850492091,0.0000008156042601007975,"cluster_0"
26,"Marshella Aulia Putri","Kec. Kalianget, Sumenep",-22186.461222124442,1600.1115751616364,125.25361144811241,54.89718567167865,8.36342287979513,-9.115095239254064,-1.4480236803821807,-13.454242176630009,1.3859107956255203,11.200470214825804,5.974705981651437,-24.524816091220753,-10.645546250619496,-2.969205822148257,12.427461057112266,5.996956046997975,3.0553325634787565,3.379419026426151,2.5503036198861153,-2.8428658353841745,6.652729433840081,4.241902660654033,3.4054572240115073,-2.8865896167716474,0.19559256638069608,0.5609101399609737,0.3871446254401552,-0.1387785968798853,0.8811263468856702,0.5754295419678458,-0.173721024879009,-0.08907885307344877,-0.23897832423737986,0.17481475775618377,-0.17385477885781833,-0.01079821222706876,-0.0000003236561295158743,"cluster_0"
27,"Robbaniyah Umdatun Ni'mah","Cerme, Gresik",-2285.8237152301117,-486.17790186467226,309.06498488244017,-23.950133709138246,69.08220058284941,30.14275577741549,-4.357084069026714,39.65064855618083,25.40174477389016,-13.635237664830342,-31.928907146541043,24.41444075872041,2.611679399295202,-0.32145485894897907,8.210727832387432,2.518833126874252,7.1521938165672685,-3.2900048062245344,4.476928426250528,4.039308143239847,1.9320773124652235,4.454714892116928,-1.3672895255047903,-0.32036963036649746,-0.6155064794028653,-0.15416573022313432,-1.0931571439462506,0.7681034613347878,-0.08820123725198747,0.060637619784918925,0.20727649637080667,0.15489752250401143,0.13300624703801486,0.0914575740103657,0.030958939163642382,0.0010039989195881687,-0.00000019504616973766248,"cluster_0"
28,"Rachelia Andini Tendean","Tikala, Manado",5735.648000369362,1604.6197412557992,396.8884662422314,46.25305143135462,-9.20125899531009,25.706154846601173,-12.486558730511577,-34.004491100660914,37.61190952348258,32.517948964304736,9.00497182873901,31.2649574122765,-26.371026214072728,15.81179118671541,-8.30724983328108,-4.327182743534966,-0.009605611157429065,-2.2342296612829715,0.6372229535651797,-2.4970777874493226,-0.008797251564515319,0.7703299211581738,0.0714247040377415,0.039127549837607564,-0.270774078056818,0.7105592514551985,0.21885333161815357,-0.3765323692649949,-0.26580796355497266,0.2615958712904317,-0.3052670678955465,0.049043377895116674,-0.14168166192331438,0.014923093951692242,-0.06955983737296943,-0.03116637113277076,0.0000004117851679146136,"cluster_0"
29,"Nurhabibatul Umah","Kerek, Tuban",-52710.803931033755,1263.7198517666372,-175.67399967519302,29.58852631863791,-8.001959223593918,-39.126626573274116,4.972739431492025,7.435086972687332,3.4238117777754513,-16.698413641926557,4.661475915711192,5.25140358592514,14.993474674144602,9.301930828932685,-3.729943067024443,3.1507362713972187,-1.3606083340549362,2.077543045184046,-1.0561352516501208,-4.245204850393106,-3.0543136394500716,1.9267211202048788,-2.027054145971606,-0.07128341303441367,-0.6550064246668135,-0.9147163420202561,-0.3574684764489184,-0.4143682778399526,-0.6354728828499426,-0.19337472713673554,-0.23918081199740185,-0.15445972482173653,0.028008763067319163,0.38277810048356287,-0.6584451525813214,0.01587783761294417,-0.0000016770088602280655,"cluster_0"
30,"Fahdimas akmal","Kwanyar, Bangkalan",-46503.98389477098,857.5298257012943,-128.69625384310993,132.68045438270218,18.713731785642242,-24.596174585479403,-34.12636767540444,23.83121882369839,-5.37618567632048,4.614804623208631,9.476035324293791,4.105996910917489,-4.257947067130348,0.9733359978861775,-4.115632494549769,-6.274462099709517,-4.520074235172164,0.17983671009372706,-1.9465113674265235,1.8678638860106058,-3.4339061269171665,2.971388656242543,3.452898119438345,-3.2743301740960726,1.0770531993106054,-2.4951705019591217,0.49013035282084405,0.45892981652663567,0.49254712477735396,-0.45606399782465107,0.16223704583129728,0.06626918299614211,0.26305717204229634,0.2988081222271688,0.20565894118114447,-0.19382933173000363,0.0000031392308411936596,"cluster_0"
31,"Muhammad izzul Millah Aqil","Wonokromo, Surabaya",-36472.878919927876,2593.649315516328,-22.06655045479569,-46.27997856343763,10.866577435019556,42.09967738965189,-20.432760190958668,-6.569436533730035,-24.846373242466576,-4.4762103459956535,8.985369944897679,10.970030776206437,17.732692112938388,5.992433116323721,-8.60696771779803,5.6225974075941005,-2.9923961233315146,-1.9817172398011311,-2.5300774724475965,3.728151829921983,2.0839449564169716,3.867448591256089,-0.11476010115474403,-1.8846567594415846,0.9261753268904481,0.055391434387082515,-1.1966069343153212,-1.3406704805922232,0.4837669345689597,-0.04264785729705178,-0.08944433543096068,-0.40365201745492973,-0.36391550992034544,-0.5108935935236812,-0.03865846611366115,-0.022042590142201782,0.0000009056348304845293,"cluster_0"
32,"Riska Nana Nuril Fadilah","Asemrowo, Surabaya",-51680.94769435257,2699.320958368098,-215.6552857678866,13.19492212239584,-55.07401204657135,87.79833616964872,15.43186464271646,18.39350905855197,29.620619832004813,-29.572881367162537,4.019579228989059,7.170513540549068,0.5668485973868859,-19.78773317376534,2.5551817234938414,-4.6180745220104065,-0.18034507345965134,4.899495975187754,-5.518353079889034,-3.1313635742166888,-0.7276349184677188,-2.31221974735153,0.462772200404983,-0.5245454415835483,1.753869617238212,0.5086185745533331,0.9670137269083504,-0.21291368310608677,0.7253712445837575,-0.05955272836000667,-0.17069491596109235,0.12175797835727221,-0.19816378869439416,0.023246674852659563,-0.08403584700255218,-0.005756668589448306,0.00000008363645037724518,"cluster_0"
33,"Alifah Sayyidaturrhohma","Kota Sumenep, Sumenep",430975.0763927104,7315.689842972811,-3425.707352679337,-50.36439560250419,88.81721923507642,-9.137318139426363,21.327813292042364,-3.3856362296502143,1.4808080939641757,10.245696885023927,6.946403814286793,7.89832625629719,7.727466463336393,-6.550133029290903,2.213607740554299,-0.6207800554123067,0.10872285411472259,-0.5802917658332329,-0.5617488387057724,-0.7115498379857278,0.15577790475031472,0.000601136015761081,0.2647824125555772,-0.08233323627733884,0.11546263137240212,-0.10034747925154128,0.024874231871827617,-0.05086088931843219,-0.009114045016595438,0.00795765394461577,-0.02833191011492495,0.008487719873273784,-0.000569590241798135,0.005599720427428183,0.0028246604977546458,0.0002966067038583228,0.000000010922708524508683,"cluster_1"
34,"Lailatul Hasanah","Socah, Bangkalan",151227.84154498688,4444.478350357138,1293.5624895433032,-79.14054772434856,127.19044644896573,9.435024024043235,-23.16340116820837,18.246966798414213,10.38901038127004,-13.40027408064459,23.100103178324844,-22.331281208570584,-15.23367170851612,12.02459529392046,-2.9642202000808684,-4.508385730315562,4.201468142985734,5.121991373055626,2.448757201191919,2.6626465559048276,-1.8777140739913922,-1.2376900226838556,-3.168536597173157,0.771743875869938,0.1425048081670408,0.3171001046517829,-0.21707509264166733,-0.23609280826519402,0.7955808902618688,-0.24890958527538914,0.8008676282530554,-0.3684039034537381,-0.05074296762301988,-0.057241484587771674,-0.07629605781575094,0.018453043529284587,-0.0000006871558311998999,"cluster_1"
35,"Magdalena Jovita Hatuopar","Pilangkenceng, Madiun",46892.653081936296,-43770.8037480732,1400.4640632614933,-132.42089231207314,111.01163761897463,-17.300065018218923,24.695537538865242,-1.9100142082358316,5.472173917272179,9.599870836069778,17.665983667460676,7.745367785583745,11.422860396283046,-11.662660560435718,1.5675793819578516,-0.6664098590657495,-0.2744652627483731,-0.9637678422506213,-1.055157923990695,0.4099089757701026,0.48050927386076187,-0.6741281569736959,0.6214144478983139,-0.0012347961502621957,0.019578494942635152,0.17597014894991758,0.1777510276853512,-0.13306110381529995,-0.12244867555405133,-0.005709436275661577,-0.07006802901976432,-0.009370429864922602,-0.03539628676349025,0.0010832039854725042,-0.00747418995726845,-0.0035490749840674167,0.00000006672646568243543,"cluster_0"
36,"Mohammad Aziz Huzaini","Tanah Merah, Bangkalan",85063.45395531299,-28963.610385069303,-2080.485718397982,238.81812896308762,-170.8578415155085,23.774355104122947,-35.28649988187422,5.352397146829936,-3.767202321111821,-19.16602838283472,-15.505235979035024,-14.932127476009027,-15.735376609518083,14.405679307805146,-4.645662091540805,2.07445821880204,-0.903999047917996,0.880655909857419,1.2603160272017242,1.2233916591319585,-0.07030803841861392,0.14073665701660173,-0.43191778739824155,0.014399929070790891,-0.2718001075851268,0.21721154985832253,-0.024069484020771737,0.12320126277250792,-0.059402432274675836,0.016827300574653602,-0.02036320616680115,-0.0020868603826217453,0.00488550712176476,-0.006348033764364961,0.004219929597979398,-0.005368880958075283,0.000000093778742348716,"cluster_0"
37,"Kurnia Maulinda Sari","Labang, Bangkalan",152067.3180540114,7042.870068126651,1642.400574736832,443.5683510109673,73.54987831606694,30.991704334239632,51.540842338849366,-0.43492676072230335,-15.087968805547643,-28.29792775242904,-0.9394906130220221,-8.76803891622666,-10.880375014741206,8.325706968619425,-4.601776441258248,6.013603264656818,-5.116683535739348,-3.603563910119878,-1.2653024855912305,2.2785866981758263,-1.0139438559416019,-0.27443836503866775,2.9390933297290553,-0.5374463434848057,-0.459083397638588,0.8094507568549698,0.2368643073860726,0.2248172690722356,-1.1227836770375386,0.1862544722024761,-0.8134117266198143,0.23926264148996268,0.08775034707830848,0.13696569422244537,0.08699227964952926,-0.002008430980770722,0.0000003419258950378657,"cluster_1"
38,"Deo Candra Saputra","Widodaren, Ngawi",-12120.356671135698,921.9390662219349,234.98409115784034,-17.843321198014486,77.65334444928432,7.921884806200676,-27.024273783629106,11.21220512696538,4.9251879202725535,14.430300408974462,-21.741418618964335,-2.3240132341602115,15.317031552383524,11.05611129203031,-0.6126339417902789,8.89915798085059,-8.985180141689055,0.27882993524217514,0.6884915198448732,-3.540418054277724,-2.149292104800723,-3.211612262550308,-0.885152982791666,-0.492109418278396,-1.5613079951894577,0.9040352074680804,1.422536249408676,-0.03510840691755614,1.6199968569425176,0.1941922508739318,0.17509212916777278,0.6014230159834534,0.027893202222461087,-0.0800717484136723,0.023711260566629692,-0.05071243816854965,0.0000008733336101120312,"cluster_0"
39,"Rifqi Fairurrafi","Bangkalan, Bangkalan",-38104.81533303509,2678.3162493124823,-85.63521770189773,67.68726097711698,-39.32937100894311,31.65576378138596,-9.169664154666675,-13.99468383951846,11.491784299238784,-3.6741083807966524,19.87567011414786,-10.083190722791446,14.187651750015805,8.070062670513808,6.581756342661112,-5.289355199768556,-1.7570801975675752,-4.802743422518882,1.657533879365624,-1.4816320946782826,3.767254291452612,-1.1522157047245882,2.775703900747178,1.8741317672420712,-1.7023232589172301,-0.35030580107715886,-1.7990520069413112,-0.6105253000367894,-0.1253710193439128,-1.3022715595292236,0.2617635197263708,0.6033083004602878,-0.06061299334758401,0.11515616543746925,0.08024506970725477,0.012140365342973535,0.00000006689589920581971,"cluster_0"
40,"Fathan Ruhul Alam","Warudoyong, Kota Sukabumi",-41926.58967187319,2355.4798125627763,-74.2130206852019,2.6330302485092645,-66.43230570251448,28.046215337746613,26.25649940118884,-47.10852246502221,34.282740722823,15.521088116597298,4.462427368368352,-15.735252211702056,16.620068899878508,-5.258865731896631,0.5656137644687397,6.4448309517299,-1.042732805247895,5.633400848694554,3.4344879346785215,5.620287437941326,-6.988436133817006,1.1591136870962908,-0.1580059739172584,-0.3672929845611156,0.3220782888229806,-0.2310566844430669,-0.756615428227081,0.7010256822221749,-0.22473273706846195,0.2670479638373066,0.0856375471357904,-0.138980600885522,0.22806260234972026,0.025636992538845296,0.0847421743465148,-0.002087797137730055,0.000000010011788233405425,"cluster_0"
41,"Laila Maghfiroh","Kamal, Bangkalan",-57953.36985945912,2177.6194819351463,-248.26584897932588,112.34283392069055,-2.7692405242191205,-6.649857030135842,-29.459356779583548,-3.2456739332875704,-9.363401975977219,-0.3943075339371337,7.873769352554297,13.311081450823794,-2.9851611621654417,-4.068431749923932,1.354158289374203,3.752933105329447,-3.886823884011073,-3.271193215802456,4.644256525607478,2.4810938781154857,-0.13312305821865253,-0.9434906681578635,1.7647542042816433,-0.8916194906327557,1.7109403892761714,0.6570925497148697,1.7621929285955593,-0.0036997842239391743,-0.27780026066298125,-0.5562381934924119,0.4871626722942025,-0.05346280432237588,0.26478184324477516,0.06340380277557528,-0.06611384392251028,0.36684168190135436,-0.0000059865748585135515,"cluster_0"
42,"Dewi Geizya","Banyuajuh kamal, Bangkalan",-60849.22996090669,2315.6378726691464,-276.9825541615967,119.43138800884095,-7.831286533577393,-45.039704231150665,-1.4961057027059776,-4.055304339500553,-5.079989820657658,-12.651352507955965,6.552983801882227,4.314131281420542,-13.427677515358146,-17.26658004089787,-1.6691583321008323,6.138884083899334,3.0816701292653264,-2.8976015762853877,6.666256433790958,1.272204868220669,-3.0545276712040375,-2.5073138016912733,-1.9742261142746942,0.2431467125704237,0.24821515155637977,-1.639304695725688,-0.4899142546066919,-1.4841637122951186,0.29469338377365595,0.2233148429641981,-0.32556717094151305,0.5908062813016753,-0.6679125620061322,0.044428499570132694,0.10923309590197589,-0.03627093247204511,0.0000009232669317613691,"cluster_0"
43,"Fathul Aziz Saifuddin","Dukun, Gresik",-42916.551935065676,1346.543812109618,-74.03102321290118,20.603376908963345,-0.6390348458702462,-7.2031504194717435,-1.9672556322707977,3.371255585830695,6.385422515787213,-3.5873665676334814,6.6038043059465865,-8.96537452548625,16.719224232399768,10.82503593748349,-4.79913246375155,-3.8053069384974054,5.1645862657276025,-4.24931389227704,2.4891024635645165,-1.5757701015943781,2.67359440266268,1.0099333906045145,-1.6848190103427854,3.4700161666880653,1.7750776661050054,-0.8831548006175807,1.0231184071642352,-0.1938573085860824,0.9724818374176655,0.47021443625290016,-1.2240740568774517,-0.1828460675729174,0.4211116625252847,0.08932001058488213,0.22008064446054806,0.053913781496357276,0.00000011137678209969782,"cluster_0"
44,"Moh Rafie Nazar J","Kecamatan Bangkalan,Bangkalan",-26569.99159497207,241.8665371838607,45.382926076113904,74.16169491177982,60.20852626446799,1.185851118678054,-42.91634902386181,22.973601025799024,-7.294635536916472,13.900630358256622,-8.68634275753011,-6.319015115050185,1.9918605288889588,2.5927942232583407,2.829711758097463,-7.655756551133582,0.8507449246620862,8.679275632294424,-0.7780010100792676,-1.8384413047878703,-2.9456425137137403,-0.41860698593735973,3.1020185016877386,0.7209904505612813,0.003030119385207993,-1.2390628155491437,-1.21731068650301,0.5407726492911312,-0.9729405254892574,0.6888794618655437,-0.5959131915199289,0.3747611661248369,-0.2290566423041143,-0.34292793859724313,-0.03602249546652938,0.18290429858185575,-0.000002431736160872889,"cluster_0"
