date,CO
2025-01-01,
2025-01-02,
2025-01-03,
2025-01-04,
2025-01-05,
2025-01-06,0.02741671636186797
2025-01-07,0.030437012513478596
2025-01-08,0.031229873498280842
2025-01-09,0.03234994411468506
2025-01-10,
2025-01-11,0.032416108250617984
2025-01-12,0.02603256418591454
2025-01-13,
2025-01-14,
2025-01-15,
2025-01-16,
2025-01-17,0.02928745448589325
2025-01-18,0.0318543237188588
2025-01-19,
2025-01-20,
2025-01-21,0.030277972037975606
2025-01-22,0.025486137717962265
2025-01-23,
2025-01-24,
2025-01-25,
2025-01-26,0.026381303866704304
2025-01-27,
2025-01-28,
2025-01-29,0.02787875939929296
2025-01-30,
2025-01-31,
2025-02-01,0.03031237636293684
2025-02-02,0.03065976675818948
2025-02-03,0.028939610435849146
2025-02-04,0.029233839552281267
2025-02-05,0.029556583185664943
2025-02-06,0.03127311335669623
2025-02-07,0.02662401832640171
2025-02-08,0.034948925971984866
2025-02-09,
2025-02-10,
2025-02-11,0.026722759008407593
2025-02-12,0.03280312485165066
2025-02-13,0.03051656484603882
2025-02-14,0.0303205872575442
2025-02-15,0.029154665329877066
2025-02-16,0.027298325584048315
2025-02-17,
2025-02-18,0.030570387840270996
2025-02-19,0.029710274318168903
2025-02-20,
2025-02-21,0.03281953533490499
2025-02-22,
2025-02-23,0.032548987865448
2025-02-24,0.026205452779928844
2025-02-25,0.03243910824811017
2025-02-26,
2025-02-27,
2025-02-28,0.031233549118041992
2025-03-01,0.03075971119645713
2025-03-02,0.03059009967311736
2025-03-03,0.029057788294415143
2025-03-04,0.028418215612570446
2025-03-05,0.02562195604497736
2025-03-06,
2025-03-07,0.02566508948802948
2025-03-08,0.022646375771226555
2025-03-09,
2025-03-10,0.02538220296826279
2025-03-11,0.02391159931818644
2025-03-12,0.02520467924035114
2025-03-13,
2025-03-14,
2025-03-15,
2025-03-16,0.024985155888966153
2025-03-17,
2025-03-18,0.027317116657892864
2025-03-19,
2025-03-20,0.02788666755922379
2025-03-21,0.02728158819909189
2025-03-22,0.02616121087755476
2025-03-23,0.03027591605981191
2025-03-24,0.027749303728342056
2025-03-25,0.026412886381149293
2025-03-26,0.02728715309729943
2025-03-27,0.027623750545360422
2025-03-28,0.029357075691223145
2025-03-29,
2025-03-30,
2025-03-31,
2025-04-01,0.029168888926506042
2025-04-02,0.026194296777248383
2025-04-03,0.032286711037158966
2025-04-04,
2025-04-05,
2025-04-06,0.026602308800879944
2025-04-07,0.027086317539215088
2025-04-08,0.026615958059987715
2025-04-09,
2025-04-10,
2025-04-11,
2025-04-12,
2025-04-13,0.02502371370792389
2025-04-14,0.028827786445617676
2025-04-15,
2025-04-16,0.02908792719244957
2025-04-17,0.03089524527727547
2025-04-18,0.024990176832353748
2025-04-19,0.03400260326909084
2025-04-20,
2025-04-21,0.02965553104877472
2025-04-22,0.028388964927802653
2025-04-23,0.02428707920136999
2025-04-24,0.026972938151586624
2025-04-25,
2025-04-26,0.025534557259601097
2025-04-27,0.029246399799982708
2025-04-28,0.024904323346687084
2025-04-29,0.026723987915936637
2025-04-30,0.02752091407775879
2025-05-01,0.028552635660711326
2025-05-02,0.02501242756843567
2025-05-03,0.02793545855416192
2025-05-04,0.026449124018351238
2025-05-05,0.027505303186083598
2025-05-06,
2025-05-07,0.025892273946241898
2025-05-08,
2025-05-09,
2025-05-10,0.02688297103433048
2025-05-11,0.028569124363086843
2025-05-12,0.030758490165074665
2025-05-13,
2025-05-14,0.025959846821237118
2025-05-15,
2025-05-16,
2025-05-17,0.03289699057737986
2025-05-18,0.027434098720550536
2025-05-19,
2025-05-20,0.028279650211334228
2025-05-21,0.030206897854804994
2025-05-22,
2025-05-23,
2025-05-24,0.02694193124771118
2025-05-25,0.024437169559666367
2025-05-26,
2025-05-27,
2025-05-28,0.02753204193668089
2025-05-29,0.026150721614643678
2025-05-30,0.026274198293685914
2025-05-31,0.02720690474790685
2025-06-01,
2025-06-02,0.025054051030066707
2025-06-03,0.02471465131510859
2025-06-04,0.026319865257509293
2025-06-05,0.023673207671554
2025-06-06,0.027512236948936217
2025-06-07,
2025-06-08,0.028411388397216797
2025-06-09,0.022568058222532272
2025-06-10,0.027804136276245117
2025-06-11,0.025052653418646917
2025-06-12,0.02286210108776482
2025-06-13,
2025-06-14,0.023843493312597275
2025-06-15,0.023331578820943832
2025-06-16,0.030606516072007477
2025-06-17,0.03148672580718994
2025-06-18,0.030371073881785074
2025-06-19,
2025-06-20,
2025-06-21,0.02864786430641457
2025-06-22,0.02612029539572226
2025-06-23,0.02734129726886749
2025-06-24,0.029631157390406875
2025-06-25,
2025-06-26,0.03256659209728241
2025-06-27,0.02411030846483567
2025-06-28,
2025-06-29,0.028982068811144148
2025-06-30,0.0278608500957489
2025-07-01,0.0261533260345459
2025-07-02,0.027622902393341066
2025-07-03,0.026823949813842774
2025-07-04,0.025216290445038765
2025-07-05,0.02498985854062167
2025-07-06,0.02616125565988046
2025-07-07,0.02232668176293373
2025-07-08,0.02635408901586765
2025-07-09,0.029514436920483906
2025-07-10,0.030330483402524675
2025-07-11,0.024790584124051607
2025-07-12,0.025079045444726944
2025-07-13,0.024365895231005172
2025-07-14,0.025601588762723483
2025-07-15,0.024769432404462027
2025-07-16,0.025547717479949304
2025-07-17,0.025494029445032918
2025-07-18,0.028072670102119446
2025-07-19,0.02800467564509465
2025-07-20,0.025901940561109973
2025-07-21,0.024262420947735126
2025-07-22,0.02808267729622977
2025-07-23,0.02568727428630247
2025-07-24,0.02725396305322647
2025-07-25,0.02739758789539337
2025-07-26,0.02934558251324822
2025-07-27,0.02842952807744344
2025-07-28,0.030635583785272414
2025-07-29,0.025937580400043063
2025-07-30,0.024151837825775145
2025-07-31,0.025565812985102337
2025-08-01,0.026353812929409654
2025-08-02,0.026157112792134285
2025-08-03,0.025868160650134087
2025-08-04,0.02960894067408675
2025-08-05,0.031246775388717653
2025-08-06,0.027712106704711914
2025-08-07,0.031072355085803617
2025-08-08,0.02623451733198322
2025-08-09,0.028436449036669375
2025-08-10,
2025-08-11,0.028144297776398836
2025-08-12,0.02782625987611968
2025-08-13,0.029683601660806625
2025-08-14,0.028981008772122657
2025-08-15,0.026547373465771944
2025-08-16,0.028580856673857746
2025-08-17,0.02758390216504113
2025-08-18,0.02665749580963798
2025-08-19,0.030930036848241634
2025-08-20,0.02854402707173274
2025-08-21,0.028361046314239503
2025-08-22,0.02640389662522536
2025-08-23,0.028063060775879892
2025-08-24,0.027478615442911785
2025-08-25,0.027353936975652523
2025-08-26,
2025-08-27,0.028894377477241284
2025-08-28,0.024411779642105103
2025-08-29,0.02577672153711319
2025-08-30,0.025372714262742263
2025-08-31,0.02593659290245601
2025-09-01,0.026881145394366722
2025-09-02,0.024488817243015066
2025-09-03,0.02430905466494353
2025-09-04,0.027418941782231917
2025-09-05,0.028848566507038317
2025-09-06,0.03016869889365302
2025-09-07,0.02895159633071334
2025-09-08,0.03339323827198574
2025-09-09,0.02598595042382517
2025-09-10,
2025-09-11,0.02874644659459591
2025-09-12,0.029546629924040575
2025-09-13,0.028336394916881214
2025-09-14,0.026742582589807645
2025-09-15,0.02668815292418003
2025-09-16,0.028750639408826828
2025-09-17,0.0253964364528656
2025-09-18,0.02709054946899414
2025-09-19,0.026894941523268417
2025-09-20,0.027619068215533
2025-09-21,0.029627295902797154
2025-09-22,0.029312626735584157
2025-09-23,0.03381433486938477
2025-09-24,0.03713630860851657
2025-09-25,0.027432751655578614
2025-09-26,0.03167988785675594
2025-09-27,0.035420451475226364
2025-09-28,0.030798872311909992
2025-09-29,0.029444581270217894
2025-09-30,
2025-10-01,
2025-10-02,0.026382639673021104
2025-10-03,0.03148295301379579
2025-10-04,0.03322786238135361
2025-10-05,0.030795557631386652
2025-10-06,0.03300589754961539
2025-10-07,0.04394302918360783
2025-10-08,0.03637619018554687
2025-10-09,0.034688719113667804
2025-10-10,0.03513677843979427
2025-10-11,0.030716896057128906
2025-10-12,0.02696186037205938
2025-10-13,
2025-10-14,0.028318122941620495
2025-10-15,0.030599915319018893
2025-10-16,0.025477839939629855
2025-10-17,0.028925873512445494
2025-10-18,
2025-10-19,0.028893596985760855
2025-10-20,
2025-10-21,
2025-10-22,
2025-10-23,
2025-10-24,
2025-10-25,
2025-10-26,0.02903825044631958
2025-10-27,
2025-10-28,0.023474640316433378
2025-10-29,
2025-10-30,
2025-10-31,0.027528375387191772
2025-11-01,
2025-11-02,
2025-11-03,
2025-11-04,0.034540692965189614
2025-11-05,0.028291376307606697
2025-11-06,0.026807457208633423
2025-11-07,0.0288998285929362
2025-11-08,
2025-11-09,
2025-11-10,
2025-11-11,0.032060635089874265
2025-11-12,
2025-11-13,0.03346667438745499
2025-11-14,
2025-11-15,
2025-11-16,
2025-11-17,
2025-11-18,0.02656714355244356
2025-11-19,
2025-11-20,0.028326270835740224
2025-11-21,0.027746639753642836
2025-11-22,0.030985253552595775
2025-11-23,0.029075749715169272
2025-11-24,
2025-11-25,0.030135461262294223
2025-11-26,0.02978223694695367
2025-11-27,
2025-11-28,0.02756754628249577
2025-11-29,0.025657862424850464
2025-11-30,
2025-12-01,0.033520129323005673
2025-12-02,
2025-12-03,0.026088395426350254
2025-12-04,
2025-12-05,0.027394993437661067
2025-12-06,
2025-12-07,0.03162689805030823
2025-12-08,0.02683572769165039
2025-12-09,
2025-12-10,0.030415292056101672
2025-12-11,0.030825742455415948
2025-12-12,0.030114832249554722
2025-12-13,0.03271187129228011
2025-12-14,0.026922697201371193
2025-12-15,0.027695152908563614
2025-12-16,
2025-12-17,0.02853098369780041
2025-12-18,0.0256988439295027
2025-12-19,
2025-12-20,
2025-12-21,0.023279377818107606
2025-12-22,0.02827161139455335
2025-12-23,0.02999381035093277
2025-12-24,0.026959951107318584
2025-12-25,0.03049737877315945
2025-12-26,
2025-12-27,
2025-12-28,
2025-12-29,0.028966296286810012
2025-12-30,
2025-12-31,
2026-01-01,
2026-01-02,
2026-01-03,0.02619871967717221
2026-01-04,
2026-01-05,
2026-01-06,
2026-01-07,
2026-01-08,0.027745406968253
2026-01-09,0.027446124702692032
2026-01-10,
2026-01-11,
2026-01-12,
2026-01-13,
2026-01-14,0.026397203957593
2026-01-15,
2026-01-16,
2026-01-17,
2026-01-18,0.028334072232246398
2026-01-19,0.02683794101079305
2026-01-20,0.026405555861336843
2026-01-21,0.022952618020953552
2026-01-22,
2026-01-23,0.027039291337132454
2026-01-24,0.029474973678588867
2026-01-25,0.030913803726434708
2026-01-26,0.029206834056160667
2026-01-27,
2026-01-28,
2026-01-29,0.02942691445350647
2026-01-30,0.0338070203387548
2026-01-31,0.030621247366070747
2026-02-01,0.032034067312876384
2026-02-02,0.03274045719040765
2026-02-03,0.030916886404156685
2026-02-04,0.026832153246952938
2026-02-05,
2026-02-06,0.030546411391227477
2026-02-07,
2026-02-08,0.032222092151641846
2026-02-09,0.03225756287574768
2026-02-10,0.026185612345850744
2026-02-11,0.02254207246005535
2026-02-12,
2026-02-13,
2026-02-14,0.02851832906405131
2026-02-15,0.03192164897918701
2026-02-16,
2026-02-17,0.03318882485230764
2026-02-18,
2026-02-19,0.02892765700817108
2026-02-20,0.028761995466131913
2026-02-21,
2026-02-22,
2026-02-23,
2026-02-24,
2026-02-25,
2026-02-26,
2026-02-27,0.025301337242126465
2026-02-28,0.028885960578918457
2026-03-01,
2026-03-02,
2026-03-03,0.030217285667146956
2026-03-04,0.026276032129923504
2026-03-05,0.02810413801847999
2026-03-06,
2026-03-07,0.02654734642609306
2026-03-08,0.029737887711360537
2026-03-09,0.030841732847279514
2026-03-10,0.02814006237756638
2026-03-11,0.02431477978825569
2026-03-12,0.024664084757527998
2026-03-13,0.02773720622062683
2026-03-14,0.02781355381011963
2026-03-15,0.03146827827065678
2026-03-16,0.03095696653638567
2026-03-17,0.03564107418060303
2026-03-18,0.02518823742866516
2026-03-19,0.027918236951033275
2026-03-20,
2026-03-21,
2026-03-22,
2026-03-23,0.028204008060343125
2026-03-24,0.02638752893968062
2026-03-25,0.027080070404779343
2026-03-26,0.02643488093120296
2026-03-27,0.0279931978745894
2026-03-28,
2026-03-29,0.030130695652317355
2026-03-30,
2026-03-31,
2026-04-01,0.030038096865669627
2026-04-02,0.025616937875747682
2026-04-03,0.024896342964733347
2026-04-04,
2026-04-05,0.026146531105041504
2026-04-06,0.02048735072215398
2026-04-07,0.02751641223827998
2026-04-08,0.027042748793116154
2026-04-09,
2026-04-10,
2026-04-11,
2026-04-12,0.026601195335388184
2026-04-13,0.025270416623070127
2026-04-14,0.026196630228133427
2026-04-15,0.025135351930345808
2026-04-16,0.02709273308042496
2026-04-17,0.027372471491495767
2026-04-18,0.027583366009726454
2026-04-19,0.02753027280171712
2026-04-20,0.030318547040224075
2026-04-21,0.025523459538817406
2026-04-22,0.021880527958273888
2026-04-23,0.0304629471566942
2026-04-24,0.02936369553208351
2026-04-25,0.027652916454133532
2026-04-26,0.02639395516851674
2026-04-27,
2026-04-28,
2026-04-29,
2026-04-30,
2026-05-01,0.025249481201171875
2026-05-02,0.025316852662298415
2026-05-03,0.026636212102828488
2026-05-04,
2026-05-05,0.02528978743643131
2026-05-06,0.025833634229806755
2026-05-07,0.02532894459981767
2026-05-08,0.03057713391350918
2026-05-09,0.030194173256556194
2026-05-10,0.02894497273573235
2026-05-11,0.026524664805485654
2026-05-12,0.024811167466013057
2026-05-13,0.02586585369662962
2026-05-14,0.02309845059604968
2026-05-15,0.026108624537785848
2026-05-16,0.027486158741845026
2026-05-17,0.023364979880196708
2026-05-18,0.02676316824826327
2026-05-19,0.02830930413870976
2026-05-20,0.029946640133857727
2026-05-21,0.028884155675768852
2026-05-22,0.03123623446414345
2026-05-23,0.027940919182517312
2026-05-24,0.03241552336741302
2026-05-25,0.03144503491265433
2026-05-26,0.03229025403658549
2026-05-27,0.028251294294993082
2026-05-28,0.029554345568672556
2026-05-29,0.029995485887689105
2026-05-30,0.02781223041423853
2026-05-31,0.027393251657485962
2026-06-01,0.026948752857389905
2026-06-02,0.02738201823727838
2026-06-03,0.0281803391196511
2026-06-04,0.02852722095406574
2026-06-05,0.0262519593896537
2026-06-06,0.02329647360426007
2026-06-07,0.02854939234458794
2026-06-08,0.02681870554007736
2026-06-09,0.029313649450029646
2026-06-10,0.03190799192948775
2026-06-11,0.03083930318317716
2026-06-12,
2026-06-13,0.025600552558898926
2026-06-14,0.025639140087625256
2026-06-15,0.025470726630266977
2026-06-16,0.027273230254650116
2026-06-17,0.02731268178848993
2026-06-18,0.02697655869953668
2026-06-19,0.028061249981755795
2026-06-20,0.030087274889792164
2026-06-21,0.027640887160799398
2026-06-22,0.026117195253786835
2026-06-23,0.030926379290494053
2026-06-24,0.02499327560265859
2026-06-25,0.028509431415134005
2026-06-26,0.026550870050083508
2026-06-27,0.027591788579547215
2026-06-28,0.025096568194302647
2026-06-29,0.025098898013432822
2026-06-30,0.02646601776922903
2026-07-01,0.029391648592772306
2026-07-02,0.02735043139684768
2026-07-03,0.02783413908698342
2026-07-04,0.025721763863283044
2026-07-05,0.028570624648547562
2026-07-06,0.0280586043993632
2026-07-07,0.02895548939704895
2026-07-08,0.02728626420420985
2026-07-09,0.030674411700322077
2026-07-10,0.02793572594722112
2026-07-11,
2026-07-12,0.030742711745775662
2026-07-13,0.029253937304019928
2026-07-14,0.02718377517441572
2026-07-15,0.02573159433180286
2026-07-16,0.025224943955739338
2026-07-17,0.02684792972380115
2026-07-18,0.028248184377496894
2026-07-19,0.029535158916755958
2026-07-20,0.02989962061897653
2026-07-21,0.032058839140267206
2026-07-22,0.02992068443979536
2026-07-23,0.0348742650105403
2026-07-24,0.029617016775566236
2026-07-25,0.029220034859397195
2026-07-26,0.029184864626990423
2026-07-27,
2026-07-28,0.03192720046410194
2026-07-29,0.03166983087184066
2026-07-30,0.030785503210844816
2026-07-31,0.031811965363366265
2026-08-01,0.030166082912021212
2026-08-02,0.02871440705798921
2026-08-03,0.027091536155113807
2026-08-04,0.029703514916556224
2026-08-05,0.025869830180022677
2026-08-06,0.029010786729700425
2026-08-07,0.029228372360343365
2026-08-08,0.02939493179321289
2026-08-09,0.02805849958638676
2026-08-10,0.03350110270760276
2026-08-11,0.028304897248744965
2026-08-12,0.030094263770363547
2026-08-13,0.029884299635887145
2026-08-14,0.034895680167458275
2026-08-15,0.030970977063764605
2026-08-16,0.028663714142406687
2026-08-17,0.02960389479994774
2026-08-18,0.028631058431440783
2026-08-19,0.02672363758087158
2026-08-20,0.027145059903462727
2026-08-21,0.024918930871146067
2026-08-22,0.02960132669519495
2026-08-23,0.0344321797875797
2026-08-24,0.03112857806973341
2026-08-25,0.02955110749201988
