date,O3
2025-01-01,0.1181918275025155
2025-01-02,0.1193164629447791
2025-01-03,0.1176787418209844
2025-01-04,0.1180748942618568
2025-01-05,0.120177071645028
2025-01-06,0.1201093249643842
2025-01-07,0.1185998952844076
2025-01-08,0.1170928970807128
2025-01-09,0.1184421670105722
2025-01-10,0.1191462272157271
2025-01-11,0.1184387382947736
2025-01-12,0.1183123433341582
2025-01-13,0.1190979594571722
2025-01-14,0.119522602499827
2025-01-15,0.1180479366125332
2025-01-16,0.1173257425220476
2025-01-17,0.1178205216096507
2025-01-18,0.1188425620396931
2025-01-19,0.1177842538389894
2025-01-20,0.1201507011428475
2025-01-21,0.1174639063990778
2025-01-22,0.1176735878818565
2025-01-23,0.1193266888666484
2025-01-24,0.1183314927750163
2025-01-25,0.1179717757428685
2025-01-26,0.1175623171859317
2025-01-27,0.1187083315518167
2025-01-28,0.1182032840119467
2025-01-29,0.118022016973959
2025-01-30,0.1193091895650414
2025-01-31,0.1173054915335443
2025-02-01,0.1191396136871642
2025-02-02,0.1160244361187021
2025-02-03,0.1174702230427
2025-02-04,0.1191666969615552
2025-02-05,0.1203707685280177
2025-02-06,0.1189327603206038
2025-02-07,0.1188448107697897
2025-02-08,0.1192204556945297
2025-02-09,0.1198317770742707
2025-02-10,0.1186209633532497
2025-02-11,0.1191652641735143
2025-02-12,0.1193087511799401
2025-02-13,0.1180395442578527
2025-02-14,0.1187435001548793
2025-02-15,0.119651794899255
2025-02-16,0.120342261571851
2025-02-17,0.1212333859875798
2025-02-18,0.119326501339674
2025-02-19,0.1182453245338466
2025-02-20,0.1198215176247888
2025-02-21,0.1192650312764777
2025-02-22,0.119801574283176
2025-02-23,0.1189672281551692
2025-02-24,0.1191378200633658
2025-02-25,0.119250316483279
2025-02-26,0.1184111848059627
2025-02-27,0.1182583595315615
2025-02-28,0.1190272947359416
2025-03-01,0.1171066719624731
2025-03-02,0.1168765134902464
2025-03-03,0.1178957900653282
2025-03-04,0.118242596483065
2025-03-05,0.118073310289118
2025-03-06,0.1162388206157885
2025-03-07,0.1149101861649089
2025-03-08,0.1156146761236919
2025-03-09,0.1165490238409903
2025-03-10,0.1147438294978605
2025-03-11,0.1148457180501686
2025-03-12,0.115481501755615
2025-03-13,0.116107753995392
2025-03-14,0.1167412123953302
2025-03-15,0.1158456376029385
2025-03-16,0.1139052992479668
2025-03-17,0.1164833490426341
2025-03-18,0.1170534973757134
2025-03-19,0.1161819601224528
2025-03-20,0.1169433546149068
2025-03-21,0.1154873811950286
2025-03-22,0.1155402937697039
2025-03-23,0.1149267265573144
2025-03-24,0.1147498710908823
2025-03-25,0.1157939126715064
2025-03-26,0.1144543608857525
2025-03-27,0.1154653228198488
2025-03-28,0.1160927347631918
2025-03-29,0.1167524149641394
2025-03-30,0.117309239692986
2025-03-31,0.1175110362884071
2025-04-01,0.1171099635668926
2025-04-02,0.1160921818680233
2025-04-03,0.1165404020705156
2025-04-04,0.1164288882993989
2025-04-05,0.1177829645781053
2025-04-06,0.1161900537295474
2025-04-07,0.1155558881453341
2025-04-08,0.1144515169370505
2025-04-09,0.1139095406979322
2025-04-10,0.1152683789324429
2025-04-11,0.1155784411562813
2025-04-12,0.1155725469191869
2025-04-13,0.1155392948745025
2025-04-14,0.1147661519547303
2025-04-15,0.1169162870695193
2025-04-16,0.1174811818119552
2025-04-17,0.1184044720398055
2025-04-18,0.1159902222247587
2025-04-19,0.1162461251434352
2025-04-20,0.1196621139016416
2025-04-21,0.1182750207889411
2025-04-22,0.1179810316405362
2025-04-23,0.1149470104525486
2025-04-24,0.1157486112788319
2025-04-25,0.1166594063656197
2025-04-26,0.117992616051601
2025-04-27,0.1179579528462555
2025-04-28,0.1169177321717143
2025-04-29,0.1181485426301757
2025-04-30,0.1182502305342091
2025-05-01,0.1168978775127066
2025-05-02,0.117322114503218
2025-05-03,0.1174399411926667
2025-05-04,0.1168527933251526
2025-05-05,0.1148565038003855
2025-05-06,0.1171598244291633
2025-05-07,0.1153705418109893
2025-05-08,0.1175193393396006
2025-05-09,0.1160973586762944
2025-05-10,0.1164651932194829
2025-05-11,0.1182131100859907
2025-05-12,0.1187586177968316
2025-05-13,0.1185805963145362
2025-05-14,0.1173526497764719
2025-05-15,0.1195714564787017
2025-05-16,0.1184602034174733
2025-05-18,0.1165068677316109
2025-05-19,0.1178449214332633
2025-05-20,0.1149336036501659
2025-05-21,0.1154708298337128
2025-05-22,0.1165290342872602
2025-05-23,0.1183805561934908
2025-05-24,0.1153731149517827
2025-05-25,0.1133419215265247
2025-05-26,0.1164342292274038
2025-05-27,0.1169703754906853
2025-05-28,0.1188844232302573
2025-05-29,0.116919943338467
2025-05-30,0.1156813021128376
2025-05-31,0.1158363683563139
2025-06-01,0.1151999681153231
2025-06-02,0.1146649207091993
2025-06-03,0.1141094468120071
2025-06-04,0.1146492852518955
2025-06-05,0.1132037130494912
2025-06-06,0.1138871489092707
2025-06-07,0.114628040973021
2025-06-08,0.1146381400111648
2025-06-09,0.113576138495571
2025-06-10,0.1146439116241203
2025-06-11,0.1143318851374917
2025-06-12,0.1162260574185186
2025-06-13,0.1151242085422078
2025-06-14,0.1146342771955662
2025-06-15,0.1150597432214352
2025-06-16,0.1173903817931811
2025-06-17,0.116164474748075
2025-06-18,0.1157104160843624
2025-06-19,0.1139754337362117
2025-06-20,0.112433400315543
2025-06-21,0.1112718740478158
2025-06-22,0.1117274264494578
2025-06-23,0.1154273010113022
2025-06-24,0.1170982788834306
2025-06-25,0.115975006793936
2025-06-26,0.1159237875706619
2025-06-27,0.115249121044245
2025-06-28,0.1173043065807885
2025-06-29,0.1157453891096843
2025-06-30,0.1147644790924257
2025-07-01,0.1136205129118429
2025-07-02,0.1116354551373256
2025-07-03,0.1111134905368089
2025-07-04,0.1116528937386141
2025-07-05,0.1113747818809416
2025-07-06,0.1107424087822437
2025-07-07,0.1127036228362056
2025-07-08,0.1125059832508365
2025-07-09,0.113450370910691
2025-07-10,0.1148874251585867
2025-07-11,0.113760073048373
2025-07-13,0.113025904012223
2025-07-14,0.1133973192837503
2025-07-15,0.1130776958954003
2025-07-16,0.1130097800244887
2025-07-17,0.1135582379582855
2025-07-18,0.1128728481837444
2025-07-19,0.1131647027408083
2025-07-20,0.1127729650793804
2025-07-21,0.1153969306291805
2025-07-22,0.1138794048585825
2025-07-23,0.1120486128040486
2025-07-24,0.11379602096147
2025-07-25,0.1134122185409069
2025-07-26,0.1138344294288092
2025-07-27,0.1127479584473702
2025-07-28,0.1122847539890143
2025-07-29,0.1120841427602701
2025-07-30,0.1125740527899728
2025-07-31,0.1146934174208177
2025-08-01,0.1137426481064823
2025-08-02,0.1143465891687406
2025-08-03,0.1143319515718354
2025-08-04,0.1161306136184268
2025-08-05,0.1166809204344948
2025-08-06,0.1159677334750692
2025-08-07,0.1145251840353012
2025-08-08,0.115988687508636
2025-08-09,0.1143819675263431
2025-08-10,0.1141406027600169
2025-08-11,0.114928081838621
2025-08-12,0.1148745545910464
2025-08-13,0.1152459875577026
2025-08-14,0.1155576617974374
2025-08-15,0.1166231554622451
2025-08-16,0.117204093063871
2025-08-17,0.113802859870096
2025-08-18,0.1132734670407242
2025-08-19,0.1155912504634923
2025-08-20,0.1146105372657378
2025-08-21,0.1133186005883746
2025-08-22,0.1133705462432569
2025-08-23,0.1141712070546216
2025-08-24,0.1158877737406227
2025-08-25,0.1170440581109788
2025-08-26,0.1160815931147053
2025-08-27,0.116233938270145
2025-08-28,0.1161730521255069
2025-08-29,0.113380566239357
2025-08-30,0.1149649685248732
2025-08-31,0.1157454462308022
2025-09-01,0.1153224067141612
2025-09-02,0.1136492005445891
2025-09-03,0.1136054968875315
2025-09-04,0.1131797432899475
2025-09-05,0.1137101115244958
2025-09-06,0.1133254925823873
2025-09-07,0.1130289922778805
2025-09-08,0.1125652474454707
2025-09-09,0.1145341860958271
2025-09-10,0.1171485361539655
2025-09-11,0.1160385566949844
2025-09-12,0.1148145207100444
2025-09-13,0.1155665212621291
2025-09-14,0.1146587380725476
2025-09-15,0.1144034712471895
2025-09-16,0.1138974017360144
2025-09-17,0.1154958534364899
2025-09-18,0.112908591205875
2025-09-19,0.1117225479748514
2025-09-21,0.1125284922826621
2025-09-22,0.1142546092677447
2025-09-23,0.1135630045707027
2025-09-24,0.1128758798456854
2025-09-25,0.1120757989378439
2025-09-26,0.1133901231611768
2025-09-27,0.1160179842579162
2025-09-28,0.1166030357902248
2025-09-29,0.1171390941987435
2025-10-01,0.11653601222982
2025-10-02,0.1136685443214244
2025-10-03,0.116031175893214
2025-10-04,0.1143063008785247
2025-10-05,0.1155657339841127
2025-10-06,0.118105747943951
2025-10-07,0.1186616234481334
2025-10-08,0.1181053777949677
2025-10-09,0.1189372746480835
2025-10-10,0.1168260570201608
2025-10-11,0.1125806522452169
2025-10-12,0.1142223219697674
2025-10-13,0.1179256726884179
2025-10-14,0.1179287196654412
2025-10-15,0.1174175887265139
2025-10-16,0.1190683645092778
2025-10-17,0.1177273143289817
2025-10-18,0.1174288983974191
2025-10-19,0.1149463357610835
2025-10-20,0.1174829677782124
2025-10-21,0.1177810924127698
2025-10-22,0.1177362495412429
2025-10-23,0.1164761336727274
2025-10-24,0.1175431715738442
2025-10-25,0.1169853517785668
2025-10-26,0.1169348493632343
2025-10-27,0.1150718751087994
2025-10-28,0.1131713863255249
2025-10-29,0.1158651508804824
2025-10-30,0.1177225716205106
2025-10-31,0.1158318522696693
2025-11-01,0.1155474581238296
2025-11-02,0.1185444871791535
2025-11-03,0.1177895923869477
2025-11-04,0.1157569606891936
2025-11-05,0.1162919835704896
2025-11-06,0.1127904667001631
2025-11-07,0.1139380022262533
2025-11-08,0.1161356966735588
2025-11-09,0.1165726866780055
2025-11-10,0.1166128154016203
2025-11-11,0.1164963241252634
2025-11-12,0.1166427582502365
2025-11-13,0.1142317776878674
2025-11-14,0.115330847881494
2025-11-15,0.1170441452413797
2025-11-16,0.1168727585011058
2025-11-17,0.1159923760634329
2025-11-18,0.1128779286518693
2025-11-19,0.1150849246316486
2025-11-20,0.1153620620154672
2025-11-21,0.1136720648242367
2025-11-22,0.11559926563253
2025-11-23,0.1130469837743375
2025-11-24,0.115692556111349
2025-11-25,0.1129684671759605
2025-11-26,0.1134293468462096
2025-11-27,0.1157539087451166
2025-11-28,0.112660012828807
2025-11-29,0.1157243949257665
2025-11-30,0.115653285831213
2025-12-01,0.1162924570962786
2025-12-02,0.1161709856241941
2025-12-03,0.1154421891810165
2025-12-04,0.1152618206623527
2025-12-05,0.1147818359442883
2025-12-06,0.1152549211142791
2025-12-07,0.1149662324330872
2025-12-08,0.1135088391602039
2025-12-09,0.1158582783407635
2025-12-10,0.116131716614796
2025-12-11,0.1147795054647657
2025-12-12,0.1135116541344258
2025-12-13,0.1136853829440143
2025-12-14,0.1157381231379177
2025-12-15,0.1157406030429734
2025-12-16,0.1149276518041179
2025-12-17,0.1153503505306111
2025-12-18,0.1139924015021986
2025-12-19,0.1130584087222814
2025-12-20,0.1131144864484667
2025-12-21,0.1145551010138458
2025-12-22,0.1156367589202192
2025-12-23,0.114772692322731
2025-12-24,0.1153412696181072
2025-12-25,0.1152497289909256
2025-12-26,0.1140634181598822
2025-12-27,0.113699028475417
2025-12-28,0.1142824411185251
2025-12-29,0.1129391678712434
2025-12-30,0.1143091343757179
2025-12-31,0.114550026340617
2026-01-01,0.1145381271839141
2026-01-02,0.1106899465537733
2026-01-03,0.1117804962106877
2026-01-04,0.112631034416457
2026-01-05,0.1132283703320556
2026-01-06,0.1116902429817451
2026-01-07,0.1140883741900324
2026-01-08,0.1133738234639167
2026-01-09,0.1137163867760035
2026-01-10,0.1136941521738966
2026-01-11,0.1137252165418532
2026-01-12,0.1140833572588033
2026-01-13,0.1144452721087469
2026-01-14,0.1122559995080034
2026-01-15,0.1117189754214551
2026-01-16,0.1119486092486315
2026-01-17,0.1130998539315028
2026-01-18,0.1127813960322075
2026-01-19,0.114349999361568
2026-01-20,0.1117009726456469
2026-01-21,0.1133302064198586
2026-01-22,0.1109875086694955
2026-01-23,0.1126498827296826
2026-01-24,0.1134726731106638
2026-01-25,0.1134396529653006
2026-01-26,0.1124751898977491
2026-01-27,0.1141006655784116
2026-01-28,0.1148296260378426
2026-01-29,0.1145027788976828
2026-01-30,0.1149397555531726
2026-01-31,0.1150075293456514
2026-02-01,0.1152028928821285
2026-02-02,0.1141424870715951
2026-02-03,0.1141617594079838
2026-02-04,0.1149287744321757
2026-02-05,0.1146090829537974
2026-02-06,0.1142803165647718
2026-02-07,0.1140436677055226
2026-02-08,0.1155646118438906
2026-02-09,0.113816045017706
2026-02-10,0.1129548877684606
2026-02-11,0.1133318783508406
2026-02-12,0.1138905931471122
2026-02-13,0.1136810039687487
2026-02-14,0.1125774808848897
2026-02-15,0.1130945744613806
2026-02-16,0.1144889854929513
2026-02-17,0.1148565827558438
2026-02-18,0.1136874529448422
2026-02-19,0.1120870523154735
2026-02-20,0.110912702149815
2026-02-21,0.1131030724694331
2026-02-22,0.113317586792012
2026-02-23,0.1127767960230509
2026-02-24,0.1142341032003362
2026-02-25,0.1125232405546638
2026-02-26,0.1135386536932653
2026-02-27,0.1133068613708019
2026-02-28,0.1137629623214403
2026-03-01,0.1145128092418114
2026-03-02,0.115478358645406
2026-03-03,0.113106977711949
2026-03-04,0.113842571257717
2026-03-05,0.1130530280578467
2026-03-06,0.115007142846783
2026-03-07,0.1153852221452527
2026-03-08,0.1129795594347847
2026-03-09,0.1127896196105414
2026-03-10,0.1133864326402545
2026-03-11,0.1127266969738735
2026-03-12,0.1151783676404092
2026-03-13,0.1146109315256277
2026-03-14,0.1149993927942382
2026-03-15,0.1164406453155809
2026-03-16,0.1154528135019871
2026-03-17,0.1154718601869212
2026-03-18,0.114729749970138
2026-03-19,0.1147841580419076
2026-03-20,0.1153680889142884
2026-03-21,0.1143653476610779
2026-03-22,0.1162900326566563
2026-03-23,0.1161392123127977
2026-03-24,0.1159968759036726
2026-03-25,0.1171980439167883
2026-03-26,0.1158224192137519
2026-03-27,0.1173120881948206
2026-03-28,0.1157524686099754
2026-03-29,0.1160284132800168
2026-03-30,0.1156875701207253
2026-03-31,0.1172650809296303
2026-04-01,0.116375235426757
2026-04-02,0.1185635967801014
2026-04-03,0.1165914512756798
2026-04-04,0.1162820248347189
2026-04-05,0.1158726762773262
2026-04-06,0.1176295781301127
2026-04-07,0.1177202681189074
2026-04-08,0.1171151624164647
2026-04-09,0.1166333413372437
2026-04-10,0.1162768474055661
2026-04-11,0.1191066104090876
2026-04-12,0.116949061035282
2026-04-13,0.117157466813094
2026-04-14,0.1154017580880059
2026-04-15,0.1155826036507884
2026-04-16,0.1163835309238897
2026-04-17,0.1161448001447651
2026-04-18,0.1176336129299468
2026-04-19,0.1190071411223875
2026-04-20,0.1184922266337606
2026-04-21,0.1160393055114481
2026-04-22,0.1161924835501445
2026-04-23,0.1162136044353246
2026-04-24,0.1170397493988275
2026-04-25,0.1172467344957921
2026-04-26,0.1168043266774879
2026-04-27,0.1160921592058406
2026-04-28,0.1159991239094072
2026-04-29,0.1177745600127511
2026-04-30,0.1159465420577261
2026-05-01,0.1158401409371031
2026-05-02,0.1169606931507587
2026-05-03,0.1162009472027421
2026-05-04,0.1180038127220339
2026-05-06,0.1182786722977956
2026-05-07,0.118155112179617
2026-05-08,0.117513684141967
2026-05-09,0.1179664529182694
2026-05-10,0.1160449681596623
2026-05-11,0.1154744281537002
2026-05-12,0.1143699611226717
2026-05-13,0.1141619629537065
2026-05-14,0.1128543073104487
2026-05-15,0.1170969775153531
2026-05-16,0.1166930695374806
2026-05-17,0.1157025479608112
2026-05-18,0.116951836583515
2026-05-19,0.1167084285989403
2026-05-20,0.1174137551958362
2026-05-21,0.1171356948713461
2026-05-22,0.1156803875540693
2026-05-23,0.1172845929654108
2026-05-24,0.1181761256108681
2026-05-25,0.1175415970385074
2026-05-26,0.1169479549345043
2026-05-27,0.1168945331333412
2026-05-28,0.1189745860174298
2026-05-29,0.1194722001544303
2026-05-30,0.1175157169087065
2026-05-31,0.1165017483548985
2026-06-01,0.1169399147232373
2026-06-02,0.1164030830065409
2026-06-03,0.1157623365935352
2026-06-04,0.1167202216262618
2026-06-05,0.1171822833518187
2026-06-06,0.1175211129917038
2026-06-07,0.1167872146599822
2026-06-08,0.1177986356326275
2026-06-09,0.1191317435974876
2026-06-10,0.1191719600132533
2026-06-11,0.1176356883305642
2026-06-12,0.1114257295719451
2026-06-13,0.1119428255284826
2026-06-14,0.1104151541367173
2026-06-15,0.1134760454297065
2026-06-16,0.1152352894552879
2026-06-17,0.1153201784731613
2026-06-18,0.1180830399195353
2026-06-19,0.1177570352123843
2026-06-20,0.1188665707078245
2026-06-21,0.119202703754935
2026-06-22,0.1175816710003548
2026-06-23,0.1170835863384935
2026-06-24,0.1152206946992212
2026-06-25,0.1156121343374252
2026-06-26,0.1154833011785332
2026-06-27,0.1120517393574118
2026-06-28,0.1139107129226128
2026-06-29,0.1150704208347532
2026-06-30,0.116841847801374
2026-07-01,0.1174078135647707
2026-07-02,0.116454887514313
2026-07-03,0.1163524843545423
2026-07-04,0.1169571553667386
2026-07-05,0.1161740506067872
2026-07-07,0.1157198175787925
2026-07-08,0.1178005297357837
2026-07-09,0.1186757907271385
2026-07-10,0.1188605160762866
2026-07-11,0.1177013975878556
2026-07-12,0.1165659249413247
2026-07-13,0.118129436754518
2026-07-14,0.1175059246727162
2026-07-15,0.1169516243454482
2026-07-16,0.1152681120567851
2026-07-17,0.1153942404521836
2026-07-18,0.1155416490510106
2026-07-19,0.1171730413205093
2026-07-20,0.1147989476513531
2026-07-21,0.1135074346222811
2026-07-22,0.1142438609773914
2026-07-23,0.1147058608217371
2026-07-24,0.1170690965114368
2026-07-25,0.1195046584018402
2026-07-26,0.1209615678009059
2026-07-27,0.1187515756529238
2026-07-28,0.1198949728499759
2026-07-29,0.1197622499118248
2026-07-30,0.1196609824481937
2026-07-31,0.1197087569162249
2026-08-01,0.1196199297491047
2026-08-02,0.1200373093080189
2026-08-03,0.1197838724280397
2026-08-04,0.1173727460619476
2026-08-05,0.1177145156802402
2026-08-06,0.1209206571802496
2026-08-07,0.1206691950145694
2026-08-08,0.1212491498639186
2026-08-09,0.1226370836504631
2026-08-10,0.1221841822067896
2026-08-11,0.1216564321269591
2026-08-12,0.1210483885887596
2026-08-13,0.1175335249153234
2026-08-14,0.1186248525563213
2026-08-15,0.1187843356488479
2026-08-16,0.1181334647246533
2026-08-17,0.1210675928741693
2026-08-18,0.1205059659356872
2026-08-19,0.1201054067868325
2026-08-20,0.1201794199231598
2026-08-21,0.1218130043190386
2026-08-22,0.1210270819978581
2026-08-23,0.1203071964490744
2026-08-24,0.1212632500876983
2026-08-25,0.1209076761992441
