date,NO2,CO,SO2,O3
2025-01-01,3.2924873840931444e-05,,,0.1181918275025155
2025-01-02,3.199590998216688e-05,,,0.1193164629447791
2025-01-03,3.882173575675552e-05,,6.25797482724819e-05,0.1176787418209844
2025-01-04,2.499153249248463e-05,,,0.1180748942618568
2025-01-05,2.8087631929136274e-05,,3.460533116594888e-05,0.120177071645028
2025-01-06,3.6560784163621646e-05,0.0274167163618679,8.771464077604783e-05,0.1201093249643842
2025-01-07,2.732348059453216e-05,0.0304370125134785,9.47259832173586e-06,0.1185998952844076
2025-01-08,2.5407921384612564e-05,0.0312298734982808,2.9236448674716733e-05,0.1170928970807128
2025-01-09,4.12196482752084e-05,0.032349944114685,-1.4557210508630507e-05,0.1184421670105722
2025-01-10,5.019345189793967e-05,,0.0001161148320534,0.1191462272157271
2025-01-11,4.402308453184863e-05,0.0324161082506179,0.0001100234911535,0.1184387382947736
2025-01-12,2.448908677858223e-05,0.0260325641859145,9.600885511775102e-05,0.1183123433341582
2025-01-13,4.6325239418365526e-05,,,0.1190979594571722
2025-01-14,5.3411334398157535e-05,,-0.0001168732599514,0.119522602499827
2025-01-15,2.8950274678539824e-05,,0.0001266288309125,0.1180479366125332
2025-01-16,2.374858680317023e-05,,,0.1173257425220476
2025-01-17,1.0277817182213768e-05,0.0292874544858932,,0.1178205216096507
2025-01-18,1.8280748652917584e-05,0.0318543237188588,1.0303080780431627e-05,0.1188425620396931
2025-01-19,1.837629081689686e-05,,4.14879759773612e-05,0.1177842538389894
2025-01-20,2.2433115898618577e-05,,-6.601471250178292e-05,0.1201507011428475
2025-01-21,1.6545409398678466e-05,0.0302779720379756,5.988677983860607e-05,0.1174639063990778
2025-01-22,3.014337250843955e-05,0.0254861377179622,-9.697703838658827e-06,0.1176735878818565
2025-01-23,4.320270090829581e-05,,,0.1193266888666484
2025-01-24,5.729715991512184e-05,,,0.1183314927750163
2025-01-25,3.619261108476415e-05,,-5.473467172123492e-05,0.1179717757428685
2025-01-26,2.0134809216999985e-05,0.0263813038667043,7.878379388289018e-05,0.1175623171859317
2025-01-27,1.5294273182540753e-05,,,0.1187083315518167
2025-01-28,1.4572817521444187e-05,,,0.1182032840119467
2025-01-29,3.260333472907304e-05,0.0278787593992929,1.0158434244138852e-05,0.118022016973959
2025-01-30,2.344360806697902e-05,,,0.1193091895650414
2025-01-31,2.2855359807359563e-05,,,0.1173054915335443
2025-02-01,9.61294244916644e-06,0.0303123763629368,3.998538998600382e-05,0.1191396136871642
2025-02-02,3.4933113056467846e-05,0.0306597667581894,5.888493615202606e-06,0.1160244361187021
2025-02-03,3.5888545586631685e-05,0.0289396104358491,4.2331698794095287e-05,0.1174702230427
2025-02-04,2.3865755229919505e-05,0.0292338395522812,0.0001425905477093,0.1191666969615552
2025-02-05,1.9236992784499307e-05,0.0295565831856649,2.3251438202957317e-05,0.1203707685280177
2025-02-06,1.6783186171980764e-05,0.0312731133566962,-1.4029588783159852e-05,0.1189327603206038
2025-02-07,2.527281119708075e-05,0.0266240183264017,0.0003342358395457,0.1188448107697897
2025-02-08,1.4004690106398462e-05,0.0349489259719848,2.3014986113658253e-05,0.1192204556945297
2025-02-09,2.6826115572475828e-05,,-3.601105536444712e-05,0.1198317770742707
2025-02-10,1.592079146231017e-05,,,0.1186209633532497
2025-02-11,1.1889733162593916e-05,0.0267227590084075,-2.303758568208044e-05,0.1191652641735143
2025-02-12,1.9267313518867013e-05,0.0328031248516506,4.927136469632387e-05,0.1193087511799401
2025-02-13,1.8165330242054016e-05,0.0305165648460388,8.578441554197559e-05,0.1180395442578527
2025-02-14,2.886441037238304e-05,0.0303205872575442,2.1160736064156218e-05,0.1187435001548793
2025-02-15,3.206525818515931e-05,0.029154665329877,5.020789103582501e-05,0.119651794899255
2025-02-16,2.6902935392822007e-05,0.0272983255840483,1.4433891258456493e-05,0.120342261571851
2025-02-17,2.193076629737334e-05,,,0.1212333859875798
2025-02-18,2.289026312136114e-05,0.0305703878402709,-0.0001218074394273,0.119326501339674
2025-02-19,2.451148953696248e-05,0.0297102743181689,4.908164304777466e-06,0.1182453245338466
2025-02-20,1.7540045299593376e-05,,0.0001673289225436,0.1198215176247888
2025-02-21,2.6398873892392705e-05,0.0328195353349049,-7.71079612604808e-06,0.1192650312764777
2025-02-22,1.8708230967197443e-05,,,0.119801574283176
2025-02-23,3.2236403239949143e-05,0.032548987865448,-2.168095670640469e-05,0.1189672281551692
2025-02-24,2.0873344133178763e-05,0.0262054527799288,,0.1191378200633658
2025-02-25,1.814372485695357e-05,0.0324391082481101,-7.247981294745304e-05,0.119250316483279
2025-02-26,1.481918779155933e-05,,-0.0001627066106136,0.1184111848059627
2025-02-27,1.1655632397378212e-05,,9.037404864405592e-05,0.1182583595315615
2025-02-28,1.786436405382119e-05,0.0312335491180419,1.6892410042744716e-05,0.1190272947359416
2025-03-01,1.4812871724087823e-05,0.0307597111964571,3.94069735742754e-06,0.1171066719624731
2025-03-02,3.770912553591188e-05,0.0305900996731173,2.8157179021155056e-05,0.1168765134902464
2025-03-03,2.198291986132972e-05,0.0290577882944151,4.12870776253166e-05,0.1178957900653282
2025-03-04,1.439555783959308e-05,0.0284182156125704,3.505221823052991e-05,0.118242596483065
2025-03-05,1.548907493997831e-05,0.0256219560449773,0.0001173835586417,0.118073310289118
2025-03-06,5.4351954500377576e-05,,,0.1162388206157885
2025-03-07,3.3921098142551e-05,0.0256650894880294,5.721875932067633e-05,0.1149101861649089
2025-03-08,2.899240193789623e-05,0.0226463757712265,-2.4532882140620667e-05,0.1156146761236919
2025-03-09,2.2662805098988407e-05,,,0.1165490238409903
2025-03-10,3.392418867429697e-05,0.0253822029682627,2.336195939278696e-05,0.1147438294978605
2025-03-11,3.405167991531482e-05,0.0239115993181864,2.8815155019401573e-05,0.1148457180501686
2025-03-12,2.394379843806259e-05,0.0252046792403511,3.6409927596305976e-05,0.115481501755615
2025-03-13,2.6046776307945645e-05,,2.265707189508248e-05,0.116107753995392
2025-03-14,2.3869364397233723e-05,,,0.1167412123953302
2025-03-15,3.202413189112206e-05,,0.0001593456337494,0.1158456376029385
2025-03-16,6.256434251857475e-06,0.0249851558889661,5.832766847951072e-05,0.1139052992479668
2025-03-17,2.1514905256481143e-05,,,0.1164833490426341
2025-03-18,1.4247843864723109e-05,0.0273171166578928,0.0001854192879464,0.1170534973757134
2025-03-19,9.540753003770638e-06,,,0.1161819601224528
2025-03-20,3.448952838880359e-05,0.0278866675592237,2.4229616558711443e-05,0.1169433546149068
2025-03-21,2.1228622894601097e-05,0.0272815881990918,7.098313090541671e-05,0.1154873811950286
2025-03-22,1.4064607967156915e-05,0.0261612108775547,0.0001427536597475,0.1155402937697039
2025-03-23,1.942053097025109e-05,0.0302759160598119,2.887581940740347e-05,0.1149267265573144
2025-03-24,2.805897340641379e-05,0.027749303728342,7.793424945128591e-05,0.1147498710908823
2025-03-25,2.012089664800221e-05,0.0264128863811492,0.0001127155887526,0.1157939126715064
2025-03-26,3.611050988183706e-05,0.0272871530972994,1.0251182377234927e-05,0.1144543608857525
2025-03-27,3.2349562085679885e-05,0.0276237505453604,0.0001242576535184,0.1154653228198488
2025-03-28,2.2956178266516263e-05,0.0293570756912231,4.245005700676168e-05,0.1160927347631918
2025-03-29,2.525195825000992e-05,,,0.1167524149641394
2025-03-30,2.3565230549138505e-05,,-0.000165595265571,0.117309239692986
2025-03-31,1.5529002843727034e-05,,-0.0001287689083255,0.1175110362884071
2025-04-01,1.6663028709444916e-05,0.029168888926506,-1.4034912501480066e-05,0.1171099635668926
2025-04-02,2.6439356541482867e-05,0.0261942967772483,1.8621543528173454e-05,0.1160921818680233
2025-04-03,1.6051645487580696e-05,0.0322867110371589,4.243668601182955e-05,0.1165404020705156
2025-04-04,2.6578623630939548e-05,,2.018531579208576e-05,0.1164288882993989
2025-04-05,2.3858889392158744e-05,,,0.1177829645781053
2025-04-06,2.8474221016949743e-05,0.0266023088008799,9.943784706675531e-06,0.1161900537295474
2025-04-07,2.2526245862763973e-05,0.027086317539215,0.0001691076671704,0.1155558881453341
2025-04-08,1.4480647291748029e-05,0.0266159580599877,-1.0288886389591627e-05,0.1144515169370505
2025-04-09,2.131870823051584e-05,,6.655798642896116e-05,0.1139095406979322
2025-04-10,1.7776444504245495e-05,,0.0001587208632069,0.1152683789324429
2025-04-11,2.510856756998692e-05,,,0.1155784411562813
2025-04-12,2.1007187404017903e-05,,,0.1155725469191869
2025-04-13,1.905323800504751e-05,0.0250237137079238,4.423613120850764e-05,0.1155392948745025
2025-04-14,1.0687438445984298e-05,0.0288277864456176,0.0001169633785528,0.1147661519547303
2025-04-15,1.0057475539800484e-05,,,0.1169162870695193
2025-04-16,1.4165086213324685e-05,0.0290879271924495,0.000256996855817,0.1174811818119552
2025-04-17,1.3285786490976772e-05,0.0308952452772754,1.802967103608584e-05,0.1184044720398055
2025-04-18,2.1075668605084902e-05,0.0249901768323537,-4.9671395681798456e-05,0.1159902222247587
2025-04-19,1.901069448043321e-05,0.0340026032690908,0.0001550249807122,0.1162461251434352
2025-04-20,2.989125202551198e-05,,,0.1196621139016416
2025-04-21,2.116105945158499e-05,0.0296555310487747,0.0001088183623953,0.1182750207889411
2025-04-22,1.21208156232652e-05,0.0283889649278026,0.0002398012644227,0.1179810316405362
2025-04-23,2.314070838916781e-05,0.0242870792013699,0.0001522304597668,0.1149470104525486
2025-04-24,1.831253212003503e-05,0.0269729381515866,4.015540190297982e-05,0.1157486112788319
2025-04-25,1.0271598050983563e-05,,0.0001940843351977,0.1166594063656197
2025-04-26,3.570535045582801e-05,0.025534557259601,0.0002134621803027,0.117992616051601
2025-04-27,1.258611639612987e-05,0.0292463997999827,4.0100207932445465e-05,0.1179579528462555
2025-04-28,1.4935623004992356e-05,0.024904323346687,7.841736078262329e-06,0.1169177321717143
2025-04-29,2.0384500632846742e-05,0.0267239879159366,5.05196965403027e-05,0.1181485426301757
2025-04-30,4.42623856790967e-06,0.0275209140777587,0.0001342229726206,0.1182502305342091
2025-05-01,2.979514192702481e-05,0.0285526356607113,0.0003968872422096,0.1168978775127066
2025-05-02,2.3335075784416404e-05,0.0250124275684356,1.2275417921719728e-05,0.117322114503218
2025-05-03,1.802217597996252e-05,0.0279354585541619,-4.5756634790450335e-05,0.1174399411926667
2025-05-04,1.4848536789879476e-05,0.0264491240183512,0.0001000016151616,0.1168527933251526
2025-05-05,4.319113832025323e-05,0.0275053031860835,-1.4166805221764154e-05,0.1148565038003855
2025-05-06,3.391208627413612e-05,,-0.0001336049172095,0.1171598244291633
2025-05-07,1.734115132170826e-05,0.0258922739462418,0.0001839323784224,0.1153705418109893
2025-05-08,8.029208128458844e-06,,-9.56663958883534e-05,0.1175193393396006
2025-05-09,2.927301937340688e-05,,,0.1160973586762944
2025-05-10,3.1462460398756775e-05,0.0268829710343304,3.682437621183315e-05,0.1164651932194829
2025-05-11,2.2486907441690262e-05,0.0285691243630868,0.0001042729243636,0.1182131100859907
2025-05-12,3.0158481206564065e-05,0.0307584901650746,,0.1187586177968316
2025-05-13,2.49067207454977e-05,,,0.1185805963145362
2025-05-14,2.961930543450222e-05,0.0259598468212371,1.620533455732382e-05,0.1173526497764719
2025-05-15,2.248693245121558e-05,,0.0001385509094689,0.1195714564787017
2025-05-16,1.6003318788527984e-05,,-9.977644966805682e-05,0.1184602034174733
2025-05-18,1.991358345144868e-05,0.0328969905773798,,0.1165068677316109
2025-05-19,2.112501037441744e-05,0.0274340987205505,-1.7801334391921184e-05,0.1178449214332633
2025-05-20,1.6693794077582424e-05,,0.0001229225308634,0.1149336036501659
2025-05-21,2.1360774813469368e-05,0.0282796502113342,4.272321330419942e-05,0.1154708298337128
2025-05-22,1.9279998604041475e-05,0.0302068978548049,0.000407977454495,0.1165290342872602
2025-05-23,2.224960808803189e-05,,,0.1183805561934908
2025-05-24,1.982052977685574e-05,,,0.1153731149517827
2025-05-25,1.4598937281441657e-05,0.0269419312477111,0.0001160464404771,0.1133419215265247
2025-05-26,1.3007011952651895e-05,0.0244371695596663,-3.6819077863851015e-05,0.1164342292274038
2025-05-27,1.890830596139088e-05,,,0.1169703754906853
2025-05-28,1.2468341331319474e-05,,-0.0002610990777611,0.1188844232302573
2025-05-29,1.972889411973017e-05,0.0275320419366808,1.3187959686749512e-05,0.116919943338467
2025-05-30,1.128235929807412e-05,0.0261507216146436,0.0001878980829408,0.1156813021128376
2025-05-31,2.390951430069912e-05,0.0262741982936859,0.0001975185842367,0.1158363683563139
2025-06-01,2.908532353883077e-05,0.0272069047479068,2.976916948682629e-05,0.1151999681153231
2025-06-02,2.282231771044872e-05,,,0.1146649207091993
2025-06-03,1.7625409846598064e-05,0.0250540510300667,-3.6433857354906296e-05,0.1141094468120071
2025-06-04,1.7552307352094005e-05,0.0247146513151085,0.0002298561247208,0.1146492852518955
2025-06-05,1.7797755956650006e-05,0.0263198652575092,0.000537968491419,0.1132037130494912
2025-06-06,2.223883079157373e-05,0.023673207671554,0.0001966240298416,0.1138871489092707
2025-06-07,2.149631682426077e-05,0.0275122369489362,0.0014669731469221,0.114628040973021
2025-06-08,1.896518805503882e-05,,0.000290909498606,0.1146381400111648
2025-06-09,1.8988732387962653e-05,0.0284113883972167,0.000413245593126,0.113576138495571
2025-06-10,2.3664324672267867e-05,0.0225680582225322,,0.1146439116241203
2025-06-11,2.006932194041787e-05,0.0278041362762451,0.0003140326589345,0.1143318851374917
2025-06-12,1.6965999655192057e-05,0.0250526534186469,5.867778544582553e-05,0.1162260574185186
2025-06-13,1.438519052573826e-05,0.0228621010877648,0.0003780330398253,0.1151242085422078
2025-06-14,1.12755599417369e-05,,0.0002143156598322,0.1146342771955662
2025-06-15,1.5316075044275e-05,0.0238434933125972,0.0001034914050251,0.1150597432214352
2025-06-16,4.253652999371601e-05,0.0233315788209438,-9.651510833552289e-07,0.1173903817931811
2025-06-17,2.6168312165193093e-05,0.0306065160720074,0.0005680498563581,0.116164474748075
2025-06-18,1.4527321092400012e-05,0.0314867258071899,0.0001026025784085,0.1157104160843624
2025-06-19,2.2710317518616093e-05,0.030371073881785,0.0002424590444813,0.1139754337362117
2025-06-20,1.3738907072359376e-05,,0.0003611734983595,0.112433400315543
2025-06-21,4.068698901738528e-05,,,0.1112718740478158
2025-06-22,3.73792185166407e-05,0.0286478643064145,0.0012351499824989,0.1117274264494578
2025-06-23,2.1684991369089937e-05,0.0261202953957222,,0.1154273010113022
2025-06-24,2.564884294591658e-05,0.0273412972688674,0.0001598657743835,0.1170982788834306
2025-06-25,1.9258967431887093e-05,0.0296311573904068,0.0001345789059996,0.115975006793936
2025-06-26,1.218864612383186e-05,,-6.582090058005773e-05,0.1159237875706619
2025-06-27,1.4272855438597931e-05,0.0325665920972824,0.000252535387587,0.115249121044245
2025-06-28,1.3803039613825652e-05,0.0241103084648356,-9.172614469813804e-05,0.1173043065807885
2025-06-29,1.5292826060109288e-05,,0.0004555934942082,0.1157453891096843
2025-06-30,1.809220568702585e-05,0.0289820688111441,-0.0001048721605911,0.1147644790924257
2025-07-01,1.827107607674466e-05,0.0278608500957489,3.055666872699346e-05,0.1136205129118429
2025-07-02,2.7317874780912404e-05,0.0261533260345459,1.0625408454374833e-05,0.1116354551373256
2025-07-03,1.9482658230016463e-05,0.027622902393341,0.0001704649637556,0.1111134905368089
2025-07-04,2.1930806286718508e-05,0.0268239498138427,-0.0001989044010257,0.1116528937386141
2025-07-05,2.8470854372046787e-05,0.0252162904450387,-0.0002164720324799,0.1113747818809416
2025-07-06,1.984957401456692e-05,0.0249898585406216,-9.292633448903624e-05,0.1107424087822437
2025-07-07,2.405993001954147e-05,0.0261612556598804,-0.0001925417687743,0.1127036228362056
2025-07-08,2.2471460840454368e-05,0.0223266817629337,-0.0001197334115757,0.1125059832508365
2025-07-09,2.0013468917075745e-05,0.0263540890158676,-3.138422875458168e-05,0.113450370910691
2025-07-10,2.407876578824168e-05,0.0295144369204839,0.0005849781559734,0.1148874251585867
2025-07-11,3.3237509916561016e-05,0.0303304834025246,0.0002474853406763,0.113760073048373
2025-07-13,1.0427603594820312e-05,0.0247905841240516,0.0007266642614489,0.113025904012223
2025-07-14,1.1329194186997014e-05,0.0250790454447269,1.9833020380009776e-06,0.1133973192837503
2025-07-15,1.218962504026422e-05,0.0243658952310051,-6.250209278530545e-05,0.1130776958954003
2025-07-16,1.9377012186073376e-05,0.0256015887627234,0.0004142228927877,0.1130097800244887
2025-07-17,3.332098428828708e-05,0.024769432404462,0.0001243177232229,0.1135582379582855
2025-07-18,3.660225295774463e-05,0.0255477174799493,0.0002070644843405,0.1128728481837444
2025-07-19,1.8947129319712985e-05,0.0254940294450329,0.0001499539698069,0.1131647027408083
2025-07-20,1.7131976301062956e-05,0.0280726701021194,-4.347159928228292e-06,0.1127729650793804
2025-07-21,2.0574333085768067e-05,0.0280046756450946,-9.463056921958924e-05,0.1153969306291805
2025-07-22,1.1044441210697829e-05,0.0259019405611099,-8.227630252284663e-05,0.1138794048585825
2025-07-23,2.5571437072358093e-05,0.0242624209477351,-5.144550139823604e-06,0.1120486128040486
2025-07-24,1.9645684785375905e-05,0.0280826772962297,5.094184934233244e-05,0.11379602096147
2025-07-25,3.402867335151111e-05,0.0256872742863024,-1.1371592214951911e-05,0.1134122185409069
2025-07-26,2.712082528415312e-05,0.0272539630532264,0.000207159647961,0.1138344294288092
2025-07-27,1.3736770821625918e-05,0.0273975878953933,-1.1561296916767665e-07,0.1127479584473702
2025-07-28,2.059382325872624e-05,0.0293455825132482,8.60969303175807e-05,0.1122847539890143
2025-07-29,2.620302920774975e-05,0.0284295280774434,6.118030890960384e-05,0.1120841427602701
2025-07-30,3.074925170565134e-05,0.0306355837852724,5.862466555009497e-05,0.1125740527899728
2025-07-31,2.8282976392588087e-05,0.025937580400043,6.972263508941978e-05,0.1146934174208177
2025-08-01,2.5241945891071165e-05,0.0241518378257751,7.543942310671875e-05,0.1137426481064823
2025-08-02,2.174807154322321e-05,0.0255658129851023,2.1965774479058556e-05,0.1143465891687406
2025-08-03,1.2590911993015652e-05,0.0263538129294096,2.7061941142639387e-05,0.1143319515718354
2025-08-04,4.716957877545528e-06,0.0261571127921342,1.3822184908869011e-05,0.1161306136184268
2025-08-05,2.047704766222783e-05,0.025868160650134,6.942424005356388e-05,0.1166809204344948
2025-08-06,1.3245329600150315e-05,0.0296089406740867,0.0003104294222351,0.1159677334750692
2025-08-07,1.9511896438076703e-05,0.0312467753887176,0.0004163050273461,0.1145251840353012
2025-08-08,1.4955520476899532e-05,0.0277121067047119,0.0001295443757304,0.115988687508636
2025-08-09,1.4335203392571808e-05,0.0310723550858036,1.8257094779983163e-05,0.1143819675263431
2025-08-10,2.775244019144809e-05,0.0262345173319832,-4.1298610287615e-05,0.1141406027600169
2025-08-11,2.725615013332572e-05,0.0284364490366693,0.000200042003316,0.114928081838621
2025-08-12,4.242630867728232e-05,,3.3302773469282934e-06,0.1148745545910464
2025-08-13,1.996764177210235e-05,0.0281442977763988,0.0001822530858866,0.1152459875577026
2025-08-14,1.021657008574326e-05,0.0278262598761196,0.0001765634558761,0.1155576617974374
2025-08-15,2.4309547734446826e-05,0.0296836016608066,0.0001601507021507,0.1166231554622451
2025-08-16,3.412771075090859e-05,0.0289810087721226,0.000227916209648,0.117204093063871
2025-08-17,1.3345154029869292e-05,0.0265473734657719,0.0001541419124061,0.113802859870096
2025-08-18,2.469527093442436e-05,0.0285808566738577,4.841926031161186e-05,0.1132734670407242
2025-08-19,2.240296885247517e-05,0.0275839021650411,6.114757056102941e-05,0.1155912504634923
2025-08-20,1.6442332707811147e-05,0.0266574958096379,,0.1146105372657378
2025-08-21,2.7517967566836887e-05,0.0309300368482416,0.0009503511504994,0.1133186005883746
2025-08-22,4.345052296966536e-05,0.0285440270717327,-1.4108970450858277e-05,0.1133705462432569
2025-08-23,4.1398625398869626e-05,0.0283610463142395,2.8319795651791188e-05,0.1141712070546216
2025-08-24,2.178353719127466e-05,0.0264038966252253,-3.28754671705021e-05,0.1158877737406227
2025-08-25,3.501025575629187e-05,0.0280630607758798,0.0001931014315535,0.1170440581109788
2025-08-26,2.455224028546416e-05,0.0274786154429117,0.0002591739563892,0.1160815931147053
2025-08-27,3.796090585148284e-05,0.0273539369756525,-0.0001665423291602,0.116233938270145
2025-08-28,4.351994180872091e-05,,4.535142215900123e-05,0.1161730521255069
2025-08-29,2.159241921617649e-05,0.0288943774772412,6.616889622132733e-05,0.113380566239357
2025-08-30,1.8666982966281536e-05,0.0244117796421051,4.367694472436045e-05,0.1149649685248732
2025-08-31,1.833061566382336e-05,0.0257767215371131,-6.197321006277604e-06,0.1157454462308022
2025-09-01,3.780461120186374e-05,0.0253727142627422,-1.7806040381805764e-05,0.1153224067141612
2025-09-02,2.157683341217556e-05,0.025936592902456,5.168675111149842e-05,0.1136492005445891
2025-09-03,2.968061736704308e-05,0.0268811453943667,-4.629236147073763e-05,0.1136054968875315
2025-09-04,2.293586815085292e-05,0.024488817243015,3.296046463005683e-05,0.1131797432899475
2025-09-05,3.713188546801879e-05,0.0243090546649435,1.5277542512525212e-05,0.1137101115244958
2025-09-06,2.539064676324522e-05,0.0274189417822319,3.1772198983364637e-06,0.1133254925823873
2025-09-07,3.237584860471543e-05,0.0288485665070383,0.0001183435704339,0.1130289922778805
2025-09-08,3.3191612270787694e-05,0.030168698893653,-6.524016821963919e-05,0.1125652474454707
2025-09-09,2.9607701792116915e-05,0.0289515963307133,-5.641664413489261e-06,0.1145341860958271
2025-09-10,3.398533312398465e-05,0.0333932382719857,-5.743053178627824e-05,0.1171485361539655
2025-09-11,2.4989177876324067e-05,0.0259859504238251,-0.0002473720523994,0.1160385566949844
2025-09-12,3.3669451397599914e-05,,-0.0002533188533215,0.1148145207100444
2025-09-13,2.924035079558962e-05,0.0287464465945959,7.487379311435464e-05,0.1155665212621291
2025-09-14,2.935108972855637e-05,0.0295466299240405,4.507998551522929e-07,0.1146587380725476
2025-09-15,3.359679909027723e-05,0.0283363949168812,0.0001574131726686,0.1144034712471895
2025-09-16,3.430755452089131e-05,0.0267425825898076,5.2214134484529495e-05,0.1138974017360144
2025-09-17,2.461627812522238e-05,0.02668815292418,7.404014468193054e-05,0.1154958534364899
2025-09-18,2.44325787358927e-05,0.0287506394088268,0.0002363092789892,0.112908591205875
2025-09-19,3.4581700807704206e-05,0.0253964364528656,7.546808774350211e-05,0.1117225479748514
2025-09-21,4.955750517348695e-05,0.0270905494689941,5.651191857300306e-05,0.1125284922826621
2025-09-22,2.203314761572983e-05,0.0268949415232684,4.140091970419655e-05,0.1142546092677447
2025-09-23,3.716842309131607e-05,0.027619068215533,2.1195106917241617e-05,0.1135630045707027
2025-09-24,4.899029972875724e-05,0.0296272959027971,9.436426418168204e-07,0.1128758798456854
2025-09-25,4.4220340669198777e-05,0.0293126267355841,1.1681000351149969e-05,0.1120757989378439
2025-09-26,4.0818561501509976e-05,0.0338143348693847,2.2008131989943128e-05,0.1133901231611768
2025-09-27,8.942339263739996e-06,0.0371363086085165,2.4391611552108888e-05,0.1160179842579162
2025-09-28,3.253202997181385e-05,0.0274327516555786,8.588438768955794e-05,0.1166030357902248
2025-09-29,2.0026915232544223e-05,0.0316798878567559,2.1423741903466484e-06,0.1171390941987435
2025-10-01,2.226572127660297e-05,0.0354204514752263,2.466099006899943e-05,0.11653601222982
2025-10-02,1.19672460945875e-05,0.0307988723119099,-0.0002380997611908,0.1136685443214244
2025-10-03,1.4936121795438304e-05,0.0294445812702178,3.4423596362638124e-05,0.116031175893214
2025-10-04,1.3997899234002236e-05,,4.976047785021365e-05,0.1143063008785247
2025-10-05,2.31285051168268e-05,,4.148357971148058e-05,0.1155657339841127
2025-10-06,2.1496154960054525e-05,0.0263826396730211,-0.000104226251798,0.118105747943951
2025-10-07,3.396677297789413e-05,0.0314829530137957,2.113236890484889e-05,0.1186616234481334
2025-10-08,2.8354286971282112e-05,0.0332278623813536,-3.5978323366079065e-05,0.1181053777949677
2025-10-09,1.9994478964879407e-05,0.0307955576313866,9.777732062297807e-05,0.1189372746480835
2025-10-10,2.602467864034547e-05,0.0330058975496153,-2.8488519092206843e-05,0.1168260570201608
2025-10-11,3.057105933966459e-05,0.0439430291836078,2.929217432840512e-05,0.1125806522452169
2025-10-12,3.299183082734005e-05,0.0363761901855468,-3.227876022276355e-05,0.1142223219697674
2025-10-13,2.949092094222208e-05,0.0346887191136678,-5.143058175841967e-05,0.1179256726884179
2025-10-14,9.225023477357456e-06,0.0351367784397942,0.0004214478035767,0.1179287196654412
2025-10-15,3.2211629028703705e-05,0.0307168960571289,2.2516209153561955e-05,0.1174175887265139
2025-10-16,5.542109056477784e-05,0.0269618603720593,-2.652615181763064e-05,0.1190683645092778
2025-10-17,2.6363978193211417e-05,,1.2809219277607132e-05,0.1177273143289817
2025-10-18,2.505505233784788e-05,0.0283181229416204,-5.940301343798637e-05,0.1174288983974191
2025-10-19,5.003300884709461e-06,0.0305999153190188,-0.0001027737092226,0.1149463357610835
2025-10-20,2.07835361531276e-05,0.0254778399396298,-2.2211604608366124e-05,0.1174829677782124
2025-10-21,2.371787928091685e-05,0.0289258735124454,,0.1177810924127698
2025-10-22,2.5285764543638383e-05,,,0.1177362495412429
2025-10-23,3.4502288227403454e-05,0.0288935969857608,,0.1164761336727274
2025-10-24,1.6243442494421537e-05,,9.261664568579622e-05,0.1175431715738442
2025-10-25,3.4882552427006885e-05,,-0.0001437970553524,0.1169853517785668
2025-10-26,3.756200758668152e-05,,1.840728145907633e-05,0.1169348493632343
2025-10-27,2.621864534072908e-05,,5.072363329908023e-05,0.1150718751087994
2025-10-28,1.7498890429124003e-05,,,0.1131713863255249
2025-10-29,2.434395098161063e-05,,-0.0001326260447013,0.1158651508804824
2025-10-30,3.952535050432614e-05,0.0290382504463195,-0.0009023275226354,0.1177225716205106
2025-10-31,4.3726488701605165e-05,,,0.1158318522696693
2025-11-01,2.0625076230216007e-05,0.0234746403164333,-7.075684455533822e-05,0.1155474581238296
2025-11-02,3.296477102377962e-05,,,0.1185444871791535
2025-11-03,3.127090781717703e-05,,,0.1177895923869477
2025-11-04,3.372248719449889e-05,0.0275283753871917,,0.1157569606891936
2025-11-05,2.5633692706860392e-05,,-0.0001753229398007,0.1162919835704896
2025-11-06,3.604617995733861e-05,,8.904955999848122e-06,0.1127904667001631
2025-11-07,3.9604924596561534e-05,,5.064666779203849e-05,0.1139380022262533
2025-11-08,4.468719149321148e-05,0.0345406929651896,0.0001659460166203,0.1161356966735588
2025-11-09,1.976643261514255e-05,0.0282913763076066,,0.1165726866780055
2025-11-10,4.206819533094488e-05,0.0268074572086334,,0.1166128154016203
2025-11-11,2.829401128110476e-05,0.0288998285929362,0.0001533919379913,0.1164963241252634
2025-11-12,2.6724895258880945e-05,,0.0001544054830446,0.1166427582502365
2025-11-13,1.890239722838901e-05,,,0.1142317776878674
2025-11-14,2.453257236084028e-05,,,0.115330847881494
2025-11-15,3.040168480116076e-05,0.0320606350898742,,0.1170441452413797
2025-11-16,1.4753630239283666e-05,,,0.1168727585011058
2025-11-17,9.050820686695715e-06,0.0334666743874549,,0.1159923760634329
2025-11-18,2.2764861234080807e-05,,-2.284864967805333e-05,0.1128779286518693
2025-11-19,1.4716233102682543e-05,,6.881345493289141e-06,0.1150849246316486
2025-11-20,1.4063437902223086e-05,,-0.0001586607725518,0.1153620620154672
2025-11-21,2.5770586248086147e-05,,-0.0001943254928019,0.1136720648242367
2025-11-22,2.432252290847553e-05,0.0265671435524435,1.3717190505793462e-05,0.11559926563253
2025-11-23,2.102029052016756e-05,,-3.456892766829195e-05,0.1130469837743375
2025-11-24,4.045928138414941e-05,0.0283262708357402,6.0855843392866e-05,0.115692556111349
2025-11-25,6.940631616695707e-06,0.0277466397536428,-3.708357204838345e-05,0.1129684671759605
2025-11-26,1.0823839719987832e-05,0.0309852535525957,9.289209640795184e-05,0.1134293468462096
2025-11-27,8.148402405193057e-06,0.0290757497151692,-8.49440659615485e-06,0.1157539087451166
2025-11-28,2.2422351173756896e-05,,1.2000217490519086e-05,0.112660012828807
2025-11-29,1.8798463659894314e-05,0.0301354612622942,0.0001529270694369,0.1157243949257665
2025-11-30,1.5269267916320696e-05,0.0297822369469536,5.658158305578115e-05,0.115653285831213
2025-12-01,2.706185206661161e-05,,,0.1162924570962786
2025-12-02,2.775609552620815e-05,0.0275675462824957,-6.261454718942578e-05,0.1161709856241941
2025-12-03,2.8334858107529708e-05,0.0256578624248504,3.5646266321866555e-05,0.1154421891810165
2025-12-04,3.820086385530885e-05,,-3.1025780897055354e-05,0.1152618206623527
2025-12-05,1.6033561608380227e-05,0.0335201293230056,,0.1147818359442883
2025-12-06,1.7169381113918088e-05,,1.439501324461566e-06,0.1152549211142791
2025-12-07,1.291401376875001e-05,0.0260883954263502,-0.000133513022835,0.1149662324330872
2025-12-08,1.927714656757316e-05,,-2.7792266337201e-05,0.1135088391602039
2025-12-09,1.9314548917274504e-05,0.027394993437661,0.0003422344848513,0.1158582783407635
2025-12-10,5.5012123172875566e-05,,5.764167548881637e-05,0.116131716614796
2025-12-11,6.650611908298743e-06,0.0316268980503082,4.571801682393397e-05,0.1147795054647657
2025-12-12,2.341569681728008e-05,0.0268357276916503,5.48973839613609e-05,0.1135116541344258
2025-12-13,2.68256742401718e-05,,1.3528002050912217e-05,0.1136853829440143
2025-12-14,1.6736132928280817e-05,0.0304152920561016,5.45869066201626e-05,0.1157381231379177
2025-12-15,2.4074729717540323e-05,0.0308257424554159,-1.1925182272014871e-05,0.1157406030429734
2025-12-16,1.620292959454968e-05,0.0301148322495547,0.0001994633478009,0.1149276518041179
2025-12-17,1.7902503233407127e-05,0.0327118712922801,,0.1153503505306111
2025-12-18,2.6964224048242613e-05,0.0269226972013711,6.496937324603398e-05,0.1139924015021986
2025-12-19,1.91994735879624e-05,0.0276951529085636,-0.0002009411109611,0.1130584087222814
2025-12-20,1.5970739690890863e-05,,,0.1131144864484667
2025-12-21,2.6835885268825988e-05,0.0285309836978004,,0.1145551010138458
2025-12-22,1.7452904644046243e-05,0.0256988439295027,2.3494416382163763e-05,0.1156367589202192
2025-12-23,1.5400001825582876e-05,,-1.702176663896133e-05,0.114772692322731
2025-12-24,2.447901372435362e-05,,0.0001791772934106,0.1153412696181072
2025-12-25,3.1879548259894364e-05,0.0232793778181076,8.78201681189239e-05,0.1152497289909256
2025-12-26,2.9644482727538463e-05,0.0282716113945533,5.739602056564763e-05,0.1140634181598822
2025-12-27,2.919685178042257e-05,0.0299938103509327,0.000115864082343,0.113699028475417
2025-12-28,2.1189951791799807e-05,0.0269599511073185,,0.1142824411185251
2025-12-29,4.163611019976088e-05,0.0304973787731594,0.0003245372857366,0.1129391678712434
2025-12-30,2.590922143852481e-05,,0.0002473111857067,0.1143091343757179
2025-12-31,3.5916909341308795e-05,,7.610863662864033e-05,0.114550026340617
2026-01-01,3.0421036265987164e-05,,8.700224376904468e-05,0.1145381271839141
2026-01-02,2.787822856643128e-05,0.02896629628681,-0.0001836418747328,0.1106899465537733
2026-01-03,4.073430668191017e-05,,,0.1117804962106877
2026-01-04,4.544121722387783e-05,,7.436013865199956e-05,0.112631034416457
2026-01-05,3.477200966194182e-05,,9.061048738658429e-05,0.1132283703320556
2026-01-06,4.429525607492349e-05,,,0.1116902429817451
2026-01-07,3.5398324693825235e-05,0.0261987196771722,-0.0002440190097937,0.1140883741900324
2026-01-08,2.7360425519873388e-05,,-7.55725079216063e-05,0.1133738234639167
2026-01-09,2.43033669512602e-05,,0.0001655286516655,0.1137163867760035
2026-01-10,1.7863653473189817e-05,,-3.560087255512675e-05,0.1136941521738966
2026-01-11,1.906163959751616e-05,,,0.1137252165418532
2026-01-12,2.3621625744677306e-05,0.027745406968253,,0.1140833572588033
2026-01-13,2.354930302948964e-05,0.027446124702692,,0.1144452721087469
2026-01-14,1.9303624571875844e-05,,,0.1122559995080034
2026-01-15,1.3156663881471495e-05,,7.60393450036645e-05,0.1117189754214551
2026-01-16,2.200528271679837e-05,,,0.1119486092486315
2026-01-17,2.847042857508443e-05,,,0.1130998539315028
2026-01-18,2.4390155227467465e-05,0.026397203957593,-0.0003266866551712,0.1127813960322075
2026-01-19,3.298329398890737e-05,,,0.114349999361568
2026-01-20,2.499384364303599e-05,,7.140597638984521e-05,0.1117009726456469
2026-01-21,2.479112533199606e-05,,-8.611903467681259e-06,0.1133302064198586
2026-01-22,2.1935140252668023e-05,0.0283340722322463,-2.461892405622884e-05,0.1109875086694955
2026-01-23,2.285482357965133e-05,0.026837941010793,-8.863683433446568e-06,0.1126498827296826
2026-01-24,2.687047315780643e-05,0.0264055558613368,,0.1134726731106638
2026-01-25,1.4876317562766417e-05,0.0229526180209535,2.557400523895218e-07,0.1134396529653006
2026-01-26,2.3164263153625607e-05,,1.1970610163795453e-05,0.1124751898977491
2026-01-27,3.304054772949409e-05,0.0270392913371324,4.200307673520663e-05,0.1141006655784116
2026-01-28,2.090328274562125e-05,0.0294749736785888,,0.1148296260378426
2026-01-29,2.0237478929630014e-05,0.0309138037264347,,0.1145027788976828
2026-01-30,1.6571877247108866e-05,0.0292068340561606,5.86967754106109e-05,0.1149397555531726
2026-01-31,2.0247230838776887e-05,,6.323213935555781e-05,0.1150075293456514
2026-02-01,1.992035566268492e-05,,0.0001185523708247,0.1152028928821285
2026-02-02,1.6622426531161713e-05,0.0294269144535064,-3.53761890437454e-05,0.1141424870715951
2026-02-03,1.2576934982462265e-05,0.0338070203387548,-3.206704409336144e-05,0.1141617594079838
2026-02-04,2.803613108606817e-05,0.0306212473660707,-2.1697383429577107e-07,0.1149287744321757
2026-02-05,3.047258163021e-05,0.0320340673128763,4.8122756804029145e-05,0.1146090829537974
2026-02-06,3.89591183712972e-05,0.0327404571904076,,0.1142803165647718
2026-02-07,3.005446436708957e-05,0.0309168864041566,6.272077955531351e-05,0.1140436677055226
2026-02-08,3.18264844096916e-05,0.0268321532469529,,0.1155646118438906
2026-02-09,2.2131221035474133e-05,,-2.570531408612927e-05,0.113816045017706
2026-02-10,2.1332151321044072e-05,0.0305464113912274,,0.1129548877684606
2026-02-11,1.827975515162076e-05,,0.0002306131459772,0.1133318783508406
2026-02-12,2.4043402663664893e-05,0.0322220921516418,,0.1138905931471122
2026-02-13,2.6022542937532897e-05,0.0322575628757476,1.4510631444863977e-05,0.1136810039687487
2026-02-14,2.769911601577545e-05,0.0261856123458507,,0.1125774808848897
2026-02-15,4.064582621903091e-05,0.0225420724600553,9.198160842061044e-05,0.1130945744613806
2026-02-16,2.8875773550145607e-05,,4.503245938068895e-05,0.1144889854929513
2026-02-17,3.986485010370546e-05,,6.17964708778475e-05,0.1148565827558438
2026-02-18,3.144882666674676e-05,0.0285183290640513,-1.0156601022642391e-05,0.1136874529448422
2026-02-19,2.062025835887956e-05,0.031921648979187,-0.0003436503466218,0.1120870523154735
2026-02-20,2.543977624165044e-05,,8.039586034349419e-05,0.110912702149815
2026-02-21,1.828724231833396e-05,0.0331888248523076,0.0001081925234757,0.1131030724694331
2026-02-22,2.168801086391352e-05,,,0.113317586792012
2026-02-23,2.184432780850692e-05,0.028927657008171,-0.0001097452332032,0.1127767960230509
2026-02-24,2.98811146721116e-05,0.0287619954661319,,0.1142341032003362
2026-02-25,2.567232424849482e-05,,,0.1125232405546638
2026-02-26,2.175918713899814e-05,,-0.0001954076869878,0.1135386536932653
2026-02-27,2.904722308964362e-05,,,0.1133068613708019
2026-02-28,2.227860960864256e-05,,-2.484284535360833e-05,0.1137629623214403
2026-03-01,3.2224840980335204e-05,,1.2561436354493102e-05,0.1145128092418114
2026-03-02,2.3951508449369743e-05,,0.0001319138712044,0.115478358645406
2026-03-03,2.795471858263454e-05,0.0253013372421264,,0.113106977711949
2026-03-04,2.700229938454868e-05,0.0288859605789184,-2.522069553378969e-05,0.113842571257717
2026-03-05,2.3421855219471343e-05,,1.890678790264896e-05,0.1130530280578467
2026-03-06,2.593791952157127e-05,,2.6897691777380917e-05,0.115007142846783
2026-03-07,1.941839075811913e-05,0.0302172856671469,-6.056478543376381e-05,0.1153852221452527
2026-03-08,1.8316721404213847e-05,0.0262760321299235,-3.3685019633804375e-05,0.1129795594347847
2026-03-09,1.456140668832471e-05,0.0281041380184799,1.3031915802022684e-05,0.1127896196105414
2026-03-10,1.0405382689289884e-05,,4.2041675874688586e-05,0.1133864326402545
2026-03-11,1.4842591430555456e-05,0.026547346426093,0.0001101612094013,0.1127266969738735
2026-03-12,1.2291058959291198e-05,0.0297378877113605,-0.0001197338409336,0.1151783676404092
2026-03-13,1.718881493126481e-05,0.0308417328472795,4.327082489099768e-05,0.1146109315256277
2026-03-14,1.8247356925335167e-05,0.0281400623775663,5.173744917239832e-05,0.1149993927942382
2026-03-15,1.795045213701528e-05,0.0243147797882556,4.998036756125443e-05,0.1164406453155809
2026-03-16,2.6730963030707283e-05,0.0246640847575279,8.756110522275169e-05,0.1154528135019871
2026-03-17,2.00315390972921e-05,0.0277372062206268,6.38718386956801e-06,0.1154718601869212
2026-03-18,4.265163931640293e-05,0.0278135538101196,0.0001056592212989,0.114729749970138
2026-03-19,2.8000532746757973e-05,0.0314682782706567,0.0002506181019647,0.1147841580419076
2026-03-20,2.0800138302617528e-05,0.0309569665363856,-7.677108182438783e-05,0.1153680889142884
2026-03-21,2.917675041317125e-05,0.035641074180603,,0.1143653476610779
2026-03-22,2.2879362157201447e-05,0.0251882374286651,-0.00012735160999,0.1162900326566563
2026-03-23,2.108657471304152e-05,0.0279182369510332,-0.0001941867910015,0.1161392123127977
2026-03-24,2.1144156968883644e-05,,1.9428880813603215e-05,0.1159968759036726
2026-03-25,1.0713461131886374e-05,,1.2746654233937575e-06,0.1171980439167883
2026-03-26,1.897413001770051e-05,,1.9741863515988297e-05,0.1158224192137519
2026-03-27,1.472579172881756e-05,0.0282040080603431,4.996458301320672e-05,0.1173120881948206
2026-03-28,1.3761472611768828e-05,0.0263875289396806,-0.0001273705594001,0.1157524686099754
2026-03-29,2.0099843910123367e-05,0.0270800704047793,,0.1160284132800168
2026-03-30,1.9729532192697308e-05,0.0264348809312029,0.000306854100042,0.1156875701207253
2026-03-31,2.643291376676024e-05,0.0279931978745894,0.0001484580737139,0.1172650809296303
2026-04-01,2.711582394315176e-05,,8.048955351114273e-07,0.116375235426757
2026-04-02,2.077379943127905e-05,0.0301306956523173,-3.804807056440041e-06,0.1185635967801014
2026-04-03,,,7.458706842918022e-05,0.1165914512756798
2026-04-04,,,-1.409375141116066e-05,0.1162820248347189
2026-04-05,,0.0300380968656696,,0.1158726762773262
2026-04-06,,0.0256169378757476,-8.365467268352707e-05,0.1176295781301127
2026-04-07,,0.0248963429647333,0.000149980178461,0.1177202681189074
2026-04-08,,,-3.407323627822822e-05,0.1171151624164647
2026-04-09,,0.0261465311050415,0.0001330068782688,0.1166333413372437
2026-04-10,,0.0204873507221539,-0.0001975130289793,0.1162768474055661
2026-04-11,,0.0275164122382799,,0.1191066104090876
2026-04-12,,0.0270427487931161,0.0001378895559658,0.116949061035282
2026-04-13,,,7.134534884244204e-05,0.117157466813094
2026-04-14,,,0.0002087054993299,0.1154017580880059
2026-04-15,,,8.888472802937031e-05,0.1155826036507884
2026-04-16,,0.0266011953353881,0.0001810265673419,0.1163835309238897
2026-04-17,,0.0252704166230701,0.0001932458641628,0.1161448001447651
2026-04-18,,0.0261966302281334,9.689881421980404e-05,0.1176336129299468
2026-04-19,,0.0251353519303458,0.000122321255762,0.1190071411223875
2026-04-20,,0.0270927330804249,8.521815338595347e-05,0.1184922266337606
2026-04-21,,0.0273724714914957,2.0216636282081406e-05,0.1160393055114481
2026-04-22,,0.0275833660097264,-0.0001377748826948,0.1161924835501445
2026-04-23,,0.0275302728017171,-0.000136887980625,0.1162136044353246
2026-04-24,,0.030318547040224,-0.0002121031284332,0.1170397493988275
2026-04-25,,0.0255234595388174,1.0987011981861932e-05,0.1172467344957921
2026-04-26,,0.0218805279582738,-1.0871419217437506e-05,0.1168043266774879
2026-04-27,,0.0304629471566942,1.4108020182260696e-05,0.1160921592058406
2026-04-28,,0.0293636955320835,0.0002709111431613,0.1159991239094072
2026-04-29,,0.0276529164541335,7.847330140832223e-05,0.1177745600127511
2026-04-30,,0.0263939551685167,,0.1159465420577261
2026-05-01,,,-0.0003397185646463,0.1158401409371031
2026-05-02,,,0.0002702578074402,0.1169606931507587
2026-05-03,,,6.577411764546444e-05,0.1162009472027421
2026-05-04,,,6.15879329607675e-05,0.1180038127220339
2026-05-06,,0.0252494812011718,-1.602870086947131e-05,0.1182786722977956
2026-05-07,,0.0253168526622984,5.518463665559408e-05,0.118155112179617
2026-05-08,,0.0266362121028284,3.8619061039450266e-05,0.117513684141967
2026-05-09,,,-2.5858145414127244e-05,0.1179664529182694
2026-05-10,,0.0252897874364313,0.0001151017014585,0.1160449681596623
2026-05-11,,0.0258336342298067,0.0001238412778114,0.1154744281537002
2026-05-12,,0.0253289445998176,1.2790147379478988e-05,0.1143699611226717
2026-05-13,,0.0305771339135091,2.809715390737568e-05,0.1141619629537065
2026-05-14,,0.0301941732565561,3.713596163800469e-05,0.1128543073104487
2026-05-15,,0.0289449727357323,3.999089025647232e-05,0.1170969775153531
2026-05-16,,0.0265246648054856,0.0001703495340001,0.1166930695374806
2026-05-17,,0.024811167466013,7.097226625774056e-05,0.1157025479608112
2026-05-18,,0.0258658536966296,0.0001737226117798,0.116951836583515
2026-05-19,,0.0230984505960496,8.761594398764141e-05,0.1167084285989403
2026-05-20,,0.0261086245377858,0.000121749412607,0.1174137551958362
2026-05-21,,0.027486158741845,-6.831179052824154e-05,0.1171356948713461
2026-05-22,,0.0233649798801967,-0.0001012232553746,0.1156803875540693
2026-05-23,,0.0267631682482632,0.0001374550353167,0.1172845929654108
2026-05-24,,0.0283093041387097,0.0002182592409399,0.1181761256108681
2026-05-25,,0.0299466401338577,0.0001127268904103,0.1175415970385074
2026-05-26,,0.0288841556757688,0.0001374939887749,0.1169479549345043
2026-05-27,,0.0312362344641434,6.60837278701365e-06,0.1168945331333412
2026-05-28,,0.0279409191825173,5.4665430936784974e-05,0.1189745860174298
2026-05-29,,0.032415523367413,2.991232851689512e-05,0.1194722001544303
2026-05-30,,0.0314450349126543,0.0001128591873027,0.1175157169087065
2026-05-31,,0.0322902540365854,0.000228790152404,0.1165017483548985
2026-06-01,,0.028251294294993,4.263622522876974e-05,0.1169399147232373
2026-06-02,,0.0295543455686725,4.67062960120125e-06,0.1164030830065409
2026-06-03,,0.0299954858876891,2.7909580644013156e-05,0.1157623365935352
2026-06-04,,0.0278122304142385,6.710898808457635e-05,0.1167202216262618
2026-06-05,,0.0273932516574859,-2.2945096134208143e-06,0.1171822833518187
2026-06-06,,0.0269487528573899,-0.0001115999554121,0.1175211129917038
2026-06-07,,0.0273820182372783,8.287423452924168e-05,0.1167872146599822
2026-06-08,,0.0281803391196511,-4.630901255748338e-05,0.1177986356326275
2026-06-09,,0.0285272209540657,0.0001484748208895,0.1191317435974876
2026-06-10,,0.0262519593896537,9.663054830769994e-05,0.1191719600132533
2026-06-11,,0.02329647360426,7.177090787507118e-05,0.1176356883305642
2026-06-12,,0.0285493923445879,0.0001012280182395,0.1114257295719451
2026-06-13,,0.0268187055400773,,0.1119428255284826
2026-06-14,,0.0293136494500296,3.4043167974671416e-05,0.1104151541367173
2026-06-15,,0.0319079919294877,2.820737874851777e-05,0.1134760454297065
2026-06-16,,0.0308393031831771,0.0001713990544279,0.1152352894552879
2026-06-17,,,1.6558981272128392e-06,0.1153201784731613
2026-06-18,,0.0256005525588989,2.6668627591182788e-05,0.1180830399195353
2026-06-19,,0.0256391400876252,-8.394430430295567e-06,0.1177570352123843
2026-06-20,,0.0254707266302669,0.0002963886234081,0.1188665707078245
2026-06-21,,0.0272732302546501,0.0002885147197438,0.119202703754935
2026-06-22,,0.0273126817884899,2.2851912355100786e-05,0.1175816710003548
2026-06-23,,0.0269765586995366,0.0003581419587135,0.1170835863384935
2026-06-24,,0.0280612499817557,0.0003878133744001,0.1152206946992212
2026-06-25,,0.0300872748897921,3.7819286808371545e-05,0.1156121343374252
2026-06-26,,0.0276408871607993,1.747201630761e-05,0.1154833011785332
2026-06-27,,0.0261171952537868,-2.61595889337753e-05,0.1120517393574118
2026-06-28,,0.030926379290494,-5.157798472227473e-07,0.1139107129226128
2026-06-29,,0.0249932756026585,8.568481083900209e-05,0.1150704208347532
2026-06-30,,0.028509431415134,9.25462261058282e-05,0.116841847801374
2026-07-01,,0.0265508700500835,0.0002407811375127,0.1174078135647707
2026-07-02,,0.0275917885795472,0.0001872120968376,0.116454887514313
2026-07-03,,0.0250965681943026,5.3396481286052246e-05,0.1163524843545423
2026-07-04,,0.0250988980134328,3.5257394691663126e-05,0.1169571553667386
2026-07-05,,0.026466017769229,0.0001940357809265,0.1161740506067872
2026-07-07,,0.0293916485927723,0.00010684379204,0.1157198175787925
2026-07-08,,0.0273504313968476,0.0001397136066641,0.1178005297357837
2026-07-09,,0.0278341390869834,0.0003019809988992,0.1186757907271385
2026-07-10,,0.025721763863283,-0.0001234170909111,0.1188605160762866
2026-07-11,,0.0285706246485475,-6.13499934034836e-06,0.1177013975878556
2026-07-12,,0.0280586043993632,-1.7798023893394405e-05,0.1165659249413247
2026-07-13,,0.0289554893970489,3.003824422968195e-05,0.118129436754518
2026-07-14,,0.0272862642042098,6.312406946753347e-05,0.1175059246727162
2026-07-15,,0.030674411700322,3.965396899729967e-08,0.1169516243454482
2026-07-16,,0.0279357259472211,4.1938873413854686e-05,0.1152681120567851
2026-07-17,,,2.332734168573682e-05,0.1153942404521836
2026-07-18,,0.0307427117457756,5.2602269635018376e-05,0.1155416490510106
2026-07-19,,0.0292539373040199,0.000127787434278,0.1171730413205093
2026-07-20,,0.0271837751744157,0.0002463143706942,0.1147989476513531
2026-07-21,,0.0257315943318028,-1.2588688244657783e-05,0.1135074346222811
2026-07-22,,0.0252249439557393,-4.654230562866562e-05,0.1142438609773914
2026-07-23,,0.0268479297238011,7.912410822297845e-05,0.1147058608217371
2026-07-24,,0.0282481843774968,-5.987596361794406e-05,0.1170690965114368
2026-07-25,,0.0295351589167559,2.0572315810972617e-05,0.1195046584018402
2026-07-26,,0.0298996206189765,-1.5665858518332244e-05,0.1209615678009059
2026-07-27,,0.0320588391402672,1.787336820617635e-05,0.1187515756529238
2026-07-28,,0.0299206844397953,9.07677776095542e-05,0.1198949728499759
2026-07-29,,0.0348742650105403,-0.0004930763059984,0.1197622499118248
2026-07-30,,0.0296170167755662,8.810485466098299e-05,0.1196609824481937
2026-07-31,,0.0292200348593971,-4.472923223456403e-06,0.1197087569162249
2026-08-01,,0.0291848646269904,5.6500042167802654e-05,0.1196199297491047
2026-08-02,,,0.0001269637637573,0.1200373093080189
2026-08-03,,0.0319272004641019,0.0002261815403682,0.1197838724280397
2026-08-04,,0.0316698308718406,-5.56273576380177e-05,0.1173727460619476
2026-08-05,,0.0307855032108448,8.680035825818777e-05,0.1177145156802402
2026-08-06,,0.0318119653633662,0.0001362508512102,0.1209206571802496
2026-08-07,,0.0301660829120212,0.0001044125030083,0.1206691950145694
2026-08-08,,0.0287144070579892,-6.523563382055224e-05,0.1212491498639186
2026-08-09,,0.0270915361551138,-7.930707919304488e-05,0.1226370836504631
2026-08-10,,0.0297035149165562,0.0001970601733773,0.1221841822067896
2026-08-11,,0.0258698301800226,9.461832232773303e-05,0.1216564321269591
2026-08-12,,0.0290107867297004,0.0002084207345745,0.1210483885887596
2026-08-13,,0.0292283723603433,8.740630556843175e-05,0.1175335249153234
2026-08-14,,0.0293949317932128,-8.788993739980762e-06,0.1186248525563213
2026-08-15,,0.0280584995863867,-9.072556470831236e-05,0.1187843356488479
2026-08-16,,0.0335011027076027,2.0227550950674515e-05,0.1181334647246533
2026-08-17,,0.0283048972487449,4.368272768157833e-05,0.1210675928741693
2026-08-18,,0.0300942637703635,2.487813536491659e-05,0.1205059659356872
2026-08-19,,0.0298842996358871,0.0002031825968752,0.1201054067868325
2026-08-20,,0.0348956801674582,0.0001775286897706,0.1201794199231598
2026-08-21,,0.0309709770637646,5.633026551179312e-05,0.1218130043190386
2026-08-22,,0.0286637141424066,1.0485392219076552e-05,0.1210270819978581
2026-08-23,,0.0296038947999477,-3.63520677268937e-06,0.1203071964490744
2026-08-24,,0.0286310584314407,-0.0001824173278042,0.1212632500876983
2026-08-25,,0.0267236375808715,0.0002251117645452,0.1209076761992441
,,0.0271450599034627,0.0001359878418346,
,,0.024918930871146,,
,,0.0296013266951949,,
,,0.0344321797875797,,
,,0.0311285780697334,,
,,0.0295511074920198,,
