B02,B03,B04,B08,B11,NDVI,NDWI,Longitude,Latitude,Kelas,Target
440,650,792,3054,1696,0.5881435255881062,-0.6490280775785562,705909.3117018628,9208286.723637668,Sawah,1
530,665,760,2542,1651,0.539672925336259,-0.5852821950155029,705962.2298088546,9208277.094294898,Sawah,1
607,832,990,2820,2803,0.48031496050385436,-0.5443592550535709,705840.417491757,9208290.906520594,Sawah,1
475,610,637,2916,1800,0.641429777472156,-0.6539988653845721,705858.9863176664,9208239.03212339,Sawah,1
623,802,886,2782,1808,0.5169029442429381,-0.5524553569887123,705966.0224079863,9208229.689464917,Sawah,1
526,782,912,2536,2601,0.4709976796777849,-0.5286317056875733,705604.2256891323,9208415.883804696,Sawah,1
524,887,702,2672,2790,0.5838767040356027,-0.5015453777742216,705556.3899712486,9208360.203630103,Sawah,1
336,707,499,3103,2246,0.7229317044078479,-0.6288713909110574,705676.4039255827,9208412.854804076,Sawah,1
652,935,1290,2678,3159,0.34979838700861937,-0.482424577779567,706081.817247661,9208676.734131634,Sawah,1
778,967,1338,2817,3212,0.3559566786146915,-0.4889006341202694,706122.2886313702,9208646.02555567,Sawah,1
497,756,816,2946,2500,0.5661881976166432,-0.5915721230168633,706035.5846450209,9208654.903026152,Sawah,1
457,759,634,2585,1762,0.606088847279873,-0.5460526314156542,706259.3988433046,9208476.014355915,Sawah,1
384,615,667,2547,1721,0.584940883452103,-0.6110056924063866,706259.4966997482,9208445.895160446,Sawah,1
397,656,693,2693,1815,0.5906674540488283,-0.6082412658679482,706248.263882493,9208420.590398807,Sawah,1
643,816,1205,2998,2564,0.42660004748355934,-0.5721027790843989,705201.7996099975,9208409.23615948,Sawah,1
537,763,946,2823,2428,0.49801008211780046,-0.5744562184678036,705139.4986940591,9208396.813211862,Sawah,1
581,843,703,3214,2700,0.6410518252129048,-0.5844219865456195,705160.5001724742,9208397.682098249,Sawah,1
781,1040,1437,2934,3460,0.3424845572311863,-0.47659788614076554,705338.3151658464,9208465.97233183,Sawah,1
829,1113,1605,3133,3563,0.3224989446343396,-0.47574187459356054,705299.4185115211,9208468.956849208,Sawah,1
935,1121,1563,3123,3481,0.3329065300185859,-0.4717247878247585,705296.0633787768,9208429.905319287,Sawah,1
853,1140,1535,2838,3238,0.29796478383307456,-0.4268476620344777,705335.9356690837,9208425.744857145,Sawah,1
851,1138,1536,2889,3319,0.30576271179530784,-0.434814998650406,705372.5287382696,9208424.901467288,Sawah,1
814,1134,1591,3177,3671,0.3326342281181556,-0.4739039664871482,705402.9937811942,9208419.79107291,Sawah,1
524,883,899,3169,2732,0.5580137658411962,-0.5641658438884093,705709.4889617268,9208667.871752521,Sawah,1
473,791,629,3080,2205,0.6608250200429159,-0.5913200721799742,705638.4456095294,9208668.236609716,Sawah,1
515,880,763,3247,2628,0.6194513714165957,-0.5735401016298667,705762.454784659,9208685.869870119,Sawah,1
625,1034,1044,2816,2810,0.459067357394024,-0.46285714273692025,705638.0169891521,9208731.045241894,Sawah,1
490,816,665,3064,2927,0.6433360148449085,-0.579381443149644,705578.5336133818,9208681.325264007,Sawah,1
340,747,493,3280,2194,0.7386694935757568,-0.6290042213486456,706532.3625395336,9208518.410047378,Sawah,1
553,928,848,3300,2607,0.5911282544380114,-0.5610217595645643,706525.3626521725,9208489.896468068,Sawah,1
528,942,671,3237,2589,0.6566018422066013,-0.5491744435153926,706512.3399885395,9208465.726799,Sawah,1
396,698,572,2743,2208,0.6549019605867566,-0.5943039812280431,706509.5846580042,9208436.348851772,Sawah,1
382,693,578,2927,2175,0.6701854491668515,-0.6171270716527274,706496.112593472,9208403.984440649,Sawah,1
514,956,705,2708,2603,0.5868737179645843,-0.47816593873412505,706678.4565800237,9208573.351916738,Sawah,1
542,907,674,3057,2682,0.6387027604827921,-0.5423814327592378,706723.7739754434,9208559.549754687,Sawah,1
430,776,705,2845,2335,0.6028169012386432,-0.5713891188700941,706665.8284184868,9208511.836868685,Sawah,1
495,862,829,2734,2623,0.5346618017023121,-0.5205784203224199,706702.5007128723,9208498.65051865,Sawah,1
635,969,976,3033,2705,0.5130955349181603,-0.5157421288066611,706752.5135789573,9208480.695605898,Sawah,1
498,779,929,3127,2920,0.5419132148565303,-0.6011264719403159,706009.6849568955,9208451.695876626,Sawah,1
712,936,1174,3279,2847,0.4727150234734527,-0.555871885989117,706065.4875786442,9208430.982067807,Sawah,1
682,902,1270,3339,3004,0.44890431754200383,-0.5746286251887223,706039.88678677,9208412.504997768,Sawah,1
544,762,834,2992,2699,0.5640355461149933,-0.594033031274898,705993.9545888708,9208423.594036454,Sawah,1
548,818,776,3164,2045,0.6060913704045453,-0.5891511801634477,705950.892735334,9208442.030474296,Sawah,1
500,786,679,3094,2428,0.640074211333137,-0.5948453606714317,707208.3970739634,9208860.696771845,Sawah,1
484,915,600,3425,2754,0.7018633538628911,-0.5783410136916265,707244.5300274715,9208898.840630747,Sawah,1
498,935,640,3344,2716,0.6787148592673908,-0.5629820050098195,707269.866452008,9208891.39700703,Sawah,1
540,930,660,2803,2658,0.6188276059431627,-0.5017412267608515,707294.262667669,9208867.725654922,Sawah,1
597,812,809,2911,2435,0.5650537632889641,-0.5637926401923737,707325.2457211745,9208848.06521024,Sawah,1
395,618,678,2729,1921,0.6019958906363382,-0.6307140721151139,707296.1575891506,9208811.06770938,Sawah,1
739,905,1221,1689,3033,0.160824742212775,-0.30223592895056445,704761.8876838968,9207948.280677365,Non-Sawah,0
705,967,1708,2262,3490,0.1395465994610714,-0.4010529574478003,704720.2470917435,9207873.330385424,Non-Sawah,0
789,1019,1391,2529,3171,0.2903061223749219,-0.4255918826308929,704728.4227646241,9207795.484721426,Non-Sawah,0
786,990,1573,1873,3341,0.08705745789696534,-0.30841774351784224,704915.6742047517,9208316.009224987,Non-Sawah,0
2470,2769,3118,3475,3685,0.05414833913936776,-0.11306854578586345,704930.7295884639,9208224.683133312,Non-Sawah,0
994,1393,2040,2966,3379,0.1849780263314067,-0.36086258307848984,703786.3375178726,9207647.990112387,Non-Sawah,0
3114,3138,3142,3182,3773,0.006325110688436889,-0.006962025315354109,703813.2174328511,9207588.95869734,Non-Sawah,0
773,1056,1151,2260,3488,0.32512459679709044,-0.36308805779158987,703940.6754034201,9207644.711916147,Non-Sawah,0
947,1207,1621,2344,2968,0.1823455232831411,-0.3201914952632522,704011.5967474228,9207655.753769148,Non-Sawah,0
891,1210,1740,2575,3364,0.19351100806639374,-0.36063408180696593,704076.1263923999,9207650.941212334,Non-Sawah,0
721,912,1130,2203,2980,0.32193219312273263,-0.41444622779632545,703910.5187240068,9207792.137083415,Non-Sawah,0
977,1256,1454,2467,2545,0.2583524610409711,-0.3252753155183252,705187.1303758377,9207763.233991109,Non-Sawah,0
1213,1412,1705,2227,2027,0.1327568667007231,-0.22396262703381078,705386.0622653945,9207786.812470833,Non-Sawah,0
1112,1320,1409,1567,2062,0.05309139783162252,-0.0855559403929491,705602.9381097327,9207844.758750431,Non-Sawah,0
1843,1740,1818,1737,3094,-0.02278481012017305,0.0008628127693808419,705608.5527139577,9207910.821344301,Non-Sawah,0
439,790,856,2843,3067,0.5371722085598345,-0.565097715231187,705507.4667500356,9207891.694911037,Non-Sawah,0
1017,1216,1742,2257,3126,0.12878219551668363,-0.29974085796149125,705358.694346213,9207856.458100831,Non-Sawah,0
595,900,1166,2473,2523,0.35916460556219715,-0.4663504297461161,705911.9345121254,9207938.14297982,Non-Sawah,0
589,899,1566,2393,2633,0.20889113407201537,-0.4538274603724704,705817.6047420125,9207978.855059542,Non-Sawah,0
863,1085,1427,2464,2522,0.266512464593546,-0.38856015768144264,705854.4864734008,9207924.546124125,Non-Sawah,0
575,922,1489,2756,2316,0.2984687867376987,-0.4986405653891679,705799.2802315495,9207916.704986874,Non-Sawah,0
652,934,1245,2702,3086,0.36914111974432706,-0.4862486247287545,706060.2273903722,9208059.043236878,Non-Sawah,0
895,1199,1906,2529,3229,0.1404735061690026,-0.3567596565566632,706037.0291641672,9208014.627225006,Non-Sawah,0
687,1131,2320,3036,3454,0.13368185210349479,-0.4571634268161355,706075.0177927656,9208012.875610624,Non-Sawah,0
766,1057,1338,2541,2805,0.3101314771048901,-0.4124513617530708,706075.717841092,9207978.294370782,Non-Sawah,0
280,524,457,3263,2443,0.7543010750660482,-0.7232637970099647,705736.1690935139,9208806.446298037,Non-Sawah,0
865,1171,1793,2364,3341,0.13735867208627406,-0.3374823195650687,705635.0772730076,9208808.151096607,Non-Sawah,0
587,848,1205,2224,2946,0.29717118684830235,-0.4479166665208605,705560.1874290551,9208790.064466009,Non-Sawah,0
1927,1968,2091,3053,3839,0.18701399685322434,-0.21609241182710764,705808.6716963466,9208886.641631305,Non-Sawah,0
929,1415,2288,3207,3478,0.1672429481042324,-0.3877109475578297,705914.7933664041,9208931.38117314,Non-Sawah,0
565,724,962,2511,2929,0.4460120931626801,-0.5523956721630926,705607.4977610586,9208851.888000563,Non-Sawah,0
1713,1996,2234,2937,3175,0.13595049310849922,-0.19075613213242323,705364.6140391701,9208650.573908955,Non-Sawah,0
1630,1864,1752,2489,3039,0.1737797688814478,-0.14357914078943734,705247.7669100636,9208608.209479293,Non-Sawah,0
5461,5918,5903,6216,4305,0.025827213464326492,-0.024559090157857334,705148.4867378246,9208613.954531547,Non-Sawah,0
2132,2251,2390,2511,2086,0.024688839007408928,-0.054598908010374016,704927.3983086359,9207693.501147117,Non-Sawah,0
898,1126,1704,2185,3287,0.12368218047732524,-0.3198429476533244,704934.5045262376,9208544.49582383,Non-Sawah,0
897,1272,2078,2723,3309,0.13434701101138366,-0.3632040049153432,705188.8946286963,9207816.53361047,Non-Sawah,0
3793,4165,4436,4601,4931,0.018258271548272847,-0.04973762262722591,703560.5604785398,9207631.257520324,Non-Sawah,0
1246,1427,1847,2457,3429,0.14172862450238646,-0.2651905251634422,704412.5482986941,9208020.486283012,Non-Sawah,0
640,921,1558,2220,3071,0.17522498671910403,-0.413562559562699,705435.1037110174,9209253.183776332,Non-Sawah,0
644,916,1355,2255,2905,0.2493074791553165,-0.4222642698132248,705149.3216959268,9209218.21212496,Non-Sawah,0
1168,1381,1513,2362,2996,0.2190967741370073,-0.26208923316535154,706108.1131290304,9209050.610051006,Non-Sawah,0
3904,4093,4059,4116,4443,0.0069724770633672805,-0.0028018028989156042,706405.5414230612,9209053.432897188,Non-Sawah,0
854,1075,1677,2551,2946,0.20671712388677455,-0.40706012123357416,706098.9993383784,9208986.985678304,Non-Sawah,0
610,952,1588,2512,3323,0.22536585360356928,-0.450346420193318,706346.0237993258,9209546.689536601,Non-Sawah,0
676,971,1352,2498,2963,0.29766233758502275,-0.44018449108095,706299.1913617832,9209597.894997077,Non-Sawah,0
387,615,992,2084,2762,0.35500650183517346,-0.5442756574493236,706293.7177842176,9209560.504242508,Non-Sawah,0
690,964,1259,2443,3013,0.31982712038902567,-0.4341062517070425,706564.9760012217,9209392.860898435,Non-Sawah,0
627,811,1192,2182,2991,0.2934202725864196,-0.4580688271105684,706699.5688500421,9209599.577176034,Non-Sawah,0
896,1140,1501,2355,2917,0.2214730289882072,-0.34763948487907315,706105.4532662524,9209348.125790726,Non-Sawah,0
